소재지도로명,소재지도로명주소,소재지지번주소,상세위치,위도,경도,설치장소유형,수거쓰레기종류,쓰레기통형태,관리기관명,관리기관전화번호,데이터기준일자
구로동로,서울특별시 구로구 구로동로 13,서울특별시 구로구 가리봉동 121-30,,37.48289633,126.8868871,도로변(횡단보도 포함),일반쓰레기,일반 사각 쓰레기통,구로구청 청소행정과,02-860-2918,2023-03-31
구로동로,서울특별시 구로구 구로동로 25,서울특별시 구로구 가리봉동 88-18,,37.48387266,126.8863248,"정류소(버스, 택시 등)",일반쓰레기,일반 사각 쓰레기통,구로구청 청소행정과,02-860-2918,2023-03-31
구로동로,서울특별시 구로구 구로동로 31,서울특별시 구로구 가리봉동 25-51,,37.48444034,126.8859907,지하철역 입구,일반쓰레기,일반 사각 쓰레기통,구로구청 청소행정과,02-860-2918,2023-03-31
남부순환로,서울특별시 구로구 남부순환로 1295,서울특별시 구로구 가리봉동 137-4,,37.47911835,126.8948323,"정류소(버스, 택시 등)",일반쓰레기,일반 사각 쓰레기통,구로구청 청소행정과,02-860-2918,2023-03-31
남부순환로105길,서울특별시 구로구 남부순환로105길 76,서울특별시 구로구 가리봉동 125-16,,37.48016123,126.8886952,"정류소(버스, 택시 등)",재활용,일반 사각 쓰레기통,구로구청 청소행정과,02-860-2918,2023-03-31
남부순환로105길,서울특별시 구로구 남부순환로105길 134,서울특별시 구로구 가리봉동 121-44,,37.48217645,126.8867218,도로변(횡단보도 포함),일반쓰레기,일반 사각 쓰레기통,구로구청 청소행정과,02-860-2918,2023-03-31
남부순환로105길,서울특별시 구로구 남부순환로105길 134,서울특별시 구로구 가리봉동 121-44,,37.48217645,126.8867218,도로변(횡단보도 포함),재활용,일반 사각 쓰레기통,구로구청 청소행정과,02-860-2918,2023-03-31
디지털로,서울특별시 구로구 디지털로 226,서울특별시 구로구 가리봉동 134-114,,37.48035893,126.8914234,도로변(횡단보도 포함),일반쓰레기,일반 사각 쓰레기통,구로구청 청소행정과,02-860-2918,2023-03-31
디지털로,서울특별시 구로구 디지털로 231,서울특별시 구로구 가리봉동 131-11,,37.48076327,126.891283,도로변(횡단보도 포함),일반쓰레기,일반 사각 쓰레기통,구로구청 청소행정과,02-860-2918,2023-03-31
디지털로27길,서울특별시 구로구 디지털로27길 135,서울특별시 구로구 가리봉동 89-99,,37.48484996,126.8865766,도로변(횡단보도 포함),일반쓰레기,일반 사각 쓰레기통,구로구청 청소행정과,02-860-2918,2023-03-31
디지털로27길,서울특별시 구로구 디지털로27길 135,서울특별시 구로구 가리봉동 89-99,,37.48484996,126.8865766,도로변(횡단보도 포함),일반쓰레기,일반 사각 쓰레기통,구로구청 청소행정과,02-860-2918,2023-03-31
디지털로27길,서울특별시 구로구 디지털로27길 135,서울특별시 구로구 가리봉동 89-99,,37.48484996,126.8865766,도로변(횡단보도 포함),재활용,일반 사각 쓰레기통,구로구청 청소행정과,02-860-2918,2023-03-31
개봉로23가길,서울특별시 구로구 개봉로23가길 30,서울특별시 구로구 개봉동 416-146,,37.49506475,126.8580465,도로변(횡단보도 포함),일반쓰레기,일반 사각 쓰레기통,구로구청 청소행정과,02-860-2918,2023-03-31
경인로33길,서울특별시 구로구 경인로33길 51,서울특별시 구로구 개봉동 134-8,,37.50024126,126.8511388,도로변(횡단보도 포함),일반쓰레기,일반 사각 쓰레기통,구로구청 청소행정과,02-860-2918,2023-03-31
남부순환로,서울특별시 구로구 남부순환로 775,서울특별시 구로구 개봉동 492,개봉1동사거리 버스정류장,37.50156787,126.8471623,도로변(횡단보도 포함),재활용,일반 사각 쓰레기통,구로구청 청소행정과,02-860-2918,2023-03-31
경인로,서울특별시 구로구 경인로 313,서울특별시 구로구 개봉동 146-24,,37.49749954,126.8551588,도로변(횡단보도 포함),일반쓰레기,일반 사각 쓰레기통,구로구청 청소행정과,02-860-2918,2023-03-31
경인로,서울특별시 구로구 경인로 281,서울특별시 구로구 개봉동 139-200,,37.49849715,126.851827,도로변(횡단보도 포함),일반쓰레기,일반 사각 쓰레기통,구로구청 청소행정과,02-860-2918,2023-03-31
고척로,서울특별시 구로구 고척로 101,서울특별시 구로구 개봉동 63-35,,37.50127895,126.8452527,도로변(횡단보도 포함),재활용,일반 사각 쓰레기통,구로구청 청소행정과,02-860-2918,2023-03-31
고척로,서울특별시 구로구 고척로 85,서울특별시 구로구 개봉동 60-101,,37.50107408,126.8438229,도로변(횡단보도 포함),재활용,일반 사각 쓰레기통,구로구청 청소행정과,02-860-2918,2023-03-31
고척로,서울특별시 구로구 고척로 102,서울특별시 구로구 개봉동 66-32,,37.50103924,126.8454965,도로변(횡단보도 포함),재활용,일반 사각 쓰레기통,구로구청 청소행정과,02-860-2918,2023-03-31
경인로33길,서울특별시 구로구 경인로33길 25,서울특별시 구로구 개봉동 139-61,,37.49905708,126.8517194,도로변(횡단보도 포함),재활용,일반 사각 쓰레기통,구로구청 청소행정과,02-860-2918,2023-03-31
경인로,서울특별시 구로구 경인로 319,서울특별시 구로구 개봉동 156-5,,37.49759938,126.8556011,도로변(횡단보도 포함),재활용,일반 사각 쓰레기통,구로구청 청소행정과,02-860-2918,2023-03-31
남부순환로,서울특별시 구로구 남부순환로 775,서울특별시 구로구 개봉동 492,개봉푸르지오 정문,37.50156787,126.8471623,도로변(횡단보도 포함),재활용,일반 사각 쓰레기통,구로구청 청소행정과,02-860-2918,2023-03-31
개봉로,서울특별시 구로구 개봉로 63,서울특별시 구로구 개봉동 403-53,,37.49138218,126.8556895,"정류소(버스, 택시 등)",재활용,일반 사각 쓰레기통,구로구청 청소행정과,02-860-2918,2023-03-31
개봉로,서울특별시 구로구 개봉로 71,서울특별시 구로구 개봉동 403-206,,37.49209383,126.8555745,도로변(횡단보도 포함),재활용,일반 사각 쓰레기통,구로구청 청소행정과,02-860-2918,2023-03-31
개봉로19길,서울특별시 구로구 개봉로19길 43,서울특별시 구로구 개봉동 302-21,,37.49360219,126.8555586,"정류소(버스, 택시 등)",재활용,일반 사각 쓰레기통,구로구청 청소행정과,02-860-2918,2023-03-31
개봉로20길,서울특별시 구로구 개봉로20길 54,서울특별시 구로구 개봉동 407-14,,37.49343625,126.8573608,"정류소(버스, 택시 등)",일반쓰레기,일반 사각 쓰레기통,구로구청 청소행정과,02-860-2918,2023-03-31
개봉로20길,서울특별시 구로구 개봉로20길 54,서울특별시 구로구 개봉동 407-14,,37.49343625,126.8573608,"정류소(버스, 택시 등)",재활용,일반 사각 쓰레기통,구로구청 청소행정과,02-860-2918,2023-03-31
개봉로20길,서울특별시 구로구 개봉로20길 74,서울특별시 구로구 개봉동 407-17,,37.49328895,126.8584193,도로변(횡단보도 포함),일반쓰레기,일반 사각 쓰레기통,구로구청 청소행정과,02-860-2918,2023-03-31
개봉로20길,서울특별시 구로구 개봉로20길 74,서울특별시 구로구 개봉동 407-17,,37.49328895,126.8584193,도로변(횡단보도 포함),재활용,일반 사각 쓰레기통,구로구청 청소행정과,02-860-2918,2023-03-31
남부순환로95길,서울특별시 구로구 남부순환로95길 16,서울특별시 구로구 개봉동 471,삼호아파트 102동 앞,37.49456794,126.8573079,"정류소(버스, 택시 등)",재활용,일반 사각 쓰레기통,구로구청 청소행정과,02-860-2918,2023-03-31
남부순환로95길,서울특별시 구로구 남부순환로95길 30,,임괄아파트 2동 앞,,,"정류소(버스, 택시 등)",재활용,일반 사각 쓰레기통,구로구청 청소행정과,02-860-2918,2023-03-31
개봉로,서울특별시 구로구 개봉로 4,서울특별시 구로구 개봉동 290-6,,37.48610225,126.8567755,도로변(횡단보도 포함),재활용,일반 사각 쓰레기통,구로구청 청소행정과,02-860-2918,2023-03-31
개봉로1길,서울특별시 구로구 개봉로1길 40,서울특별시 구로구 개봉동 367-1,,37.48504966,126.8544668,도로변(횡단보도 포함),재활용,일반 사각 쓰레기통,구로구청 청소행정과,02-860-2918,2023-03-31
개봉로,서울특별시 구로구 개봉로 10,서울특별시 구로구 개봉동 403-196,,37.48662187,126.8567122,도로변(횡단보도 포함),재활용,일반 사각 쓰레기통,구로구청 청소행정과,02-860-2918,2023-03-31
개봉로,서울특별시 구로구 개봉로 10,서울특별시 구로구 개봉동 403-196,,37.48662187,126.8567122,도로변(횡단보도 포함),재활용,일반 사각 쓰레기통,구로구청 청소행정과,02-860-2918,2023-03-31
개봉로,서울특별시 구로구 개봉로 10,서울특별시 구로구 개봉동 403-196,,37.48662187,126.8567122,도로변(횡단보도 포함),일반쓰레기,일반 사각 쓰레기통,구로구청 청소행정과,02-860-2918,2023-03-31
개봉로,서울특별시 구로구 개봉로 22,서울특별시 구로구 개봉동 403-171,,37.48750656,126.856558,도로변(횡단보도 포함),재활용,일반 사각 쓰레기통,구로구청 청소행정과,02-860-2918,2023-03-31
개봉로,서울특별시 구로구 개봉로 34,서울특별시 구로구 개봉동 403-154,,37.48860421,126.8564451,도로변(횡단보도 포함),재활용,일반 사각 쓰레기통,구로구청 청소행정과,02-860-2918,2023-03-31
경서로,서울특별시 구로구 경서로 47,서울특별시 구로구 고척동 134-33,,37.50149371,126.8585145,"정류소(버스, 택시 등)",재활용,일반 사각 쓰레기통,구로구청 청소행정과,02-860-2918,2023-03-31
중앙로,서울특별시 구로구 중앙로 37,,,,,도로변(횡단보도 포함),재활용,일반 사각 쓰레기통,구로구청 청소행정과,02-860-2918,2023-03-31
중앙로,서울특별시 구로구 중앙로 37,,,,,도로변(횡단보도 포함),재활용,일반 사각 쓰레기통,구로구청 청소행정과,02-860-2918,2023-03-31
중앙로10길,서울특별시 구로구 중앙로10길 7,,,,,도로변(횡단보도 포함),일반쓰레기,일반 사각 쓰레기통,구로구청 청소행정과,02-860-2918,2023-03-31
중앙로,서울특별시 구로구 중앙로 63,,,,,도로변(횡단보도 포함),일반쓰레기,일반 사각 쓰레기통,구로구청 청소행정과,02-860-2918,2023-03-31
중앙로,서울특별시 구로구 중앙로 76,,,,,도로변(횡단보도 포함),재활용,일반 사각 쓰레기통,구로구청 청소행정과,02-860-2918,2023-03-31
고척로,서울특별시 구로구 고척로 238,서울특별시 구로구 고척동 333,,,,"정류소(버스, 택시 등)",재활용,일반 사각 쓰레기통,구로구청 청소행정과,02-860-2918,2023-03-31
경인로,서울특별시 구로구 경인로 331,,,,,도로변(횡단보도 포함),일반쓰레기,일반 사각 쓰레기통,구로구청 청소행정과,02-860-2918,2023-03-31
경인로,서울특별시 구로구 경인로 403,,,,,도로변(횡단보도 포함),일반쓰레기,일반 사각 쓰레기통,구로구청 청소행정과,02-860-2918,2023-03-31
경인로,서울특별시 구로구 경인로 403,,,,,도로변(횡단보도 포함),재활용,일반 사각 쓰레기통,구로구청 청소행정과,02-860-2918,2023-03-31
경인로,서울특별시 구로구 경인로 433,,,,,도로변(횡단보도 포함),재활용,일반 사각 쓰레기통,구로구청 청소행정과,02-860-2918,2023-03-31
경인로,서울특별시 구로구 경인로 445,,,,,도로변(횡단보도 포함),재활용,일반 사각 쓰레기통,구로구청 청소행정과,02-860-2918,2023-03-31
경인로,서울특별시 구로구 경인로 445,,,,,도로변(횡단보도 포함),재활용,일반 사각 쓰레기통,구로구청 청소행정과,02-860-2918,2023-03-31
고척로,서울특별시 구로구 고척로 195,,,,,도로변(횡단보도 포함),재활용,일반 사각 쓰레기통,구로구청 청소행정과,02-860-2918,2023-03-31
고척로,서울특별시 구로구 고척로 177,,,,,도로변(횡단보도 포함),일반쓰레기,일반 사각 쓰레기통,구로구청 청소행정과,02-860-2918,2023-03-31
고척로,서울특별시 구로구 고척로 202,,,,,도로변(횡단보도 포함),일반쓰레기,일반 사각 쓰레기통,구로구청 청소행정과,02-860-2918,2023-03-31
고척로,서울특별시 구로구 고척로 206,,,,,도로변(횡단보도 포함),일반쓰레기,일반 사각 쓰레기통,구로구청 청소행정과,02-860-2918,2023-03-31
고척로,서울특별시 구로구 고척로 209-1,,,,,도로변(횡단보도 포함),일반쓰레기,일반 사각 쓰레기통,구로구청 청소행정과,02-860-2918,2023-03-31
고척로,서울특별시 구로구 고척로 142-1,서울특별시 구로구 고척동 194-3,,,,"정류소(버스, 택시 등)",일반쓰레기,일반 사각 쓰레기통,구로구청 청소행정과,02-860-2918,2023-03-31
고척로,서울특별시 구로구 고척로 142-1,서울특별시 구로구 고척동 333,,,,"정류소(버스, 택시 등)",일반쓰레기,일반 사각 쓰레기통,구로구청 청소행정과,02-860-2918,2023-03-31
구일로4길,서울특별시 구로구 구일로4길 46,서울특별시 구로구 구로동 685-70,현대연예인아파트 입구,37.49326723,126.8778699,"정류소(버스, 택시 등)",재활용,일반 사각 쓰레기통,구로구청 청소행정과,02-860-2918,2023-03-31
구일로4길,서울특별시 구로구 구일로4길 57,서울특별시 구로구 구로동 685-213,구로1동주민센터 앞,37.49304008,126.8757883,"정류소(버스, 택시 등)",재활용,일반 사각 쓰레기통,구로구청 청소행정과,02-860-2918,2023-03-31
남부순환로,서울특별시 구로구 구로동 693-2,,좌,,,"정류소(버스, 택시 등)",재활용,일반 사각 쓰레기통,구로구청 청소행정과,02-860-2918,2023-03-31
남부순환로,서울특별시 구로구 구로동 693-2,,우,,,"정류소(버스, 택시 등)",재활용,일반 사각 쓰레기통,구로구청 청소행정과,02-860-2918,2023-03-31
가마산로,서울특별시 구로구 가마산로 87,서울특별시 구로구 구로동 1281-1,한일유앤아이아파트 입구,37.48584845,126.876157,"정류소(버스, 택시 등)",재활용,일반 사각 쓰레기통,구로구청 청소행정과,02-860-2918,2023-03-31
구일로,서울특별시 구로구 구일로 62,서울특별시 구로구 구로동 685-219,구일어린이집 옆,37.49177716,126.8743642,도로변(횡단보도 포함),재활용,일반 사각 쓰레기통,구로구청 청소행정과,02-860-2918,2023-03-31
구일로2길,서울특별시 구로구 구일로2길 60,서울특별시 구로구 구로동 1259,구일우성A상가 앞,37.48975807,126.8770812,도로변(횡단보도 포함),재활용,일반 사각 쓰레기통,구로구청 청소행정과,02-860-2918,2023-03-31
구일로8길,서울특별시 구로구 구일로8길 31,서울특별시 구로구 구로동 1058,구로우성A 101동 뒷편,37.49517251,126.8726762,"정류소(버스, 택시 등)",재활용,일반 사각 쓰레기통,구로구청 청소행정과,02-860-2918,2023-03-31
구로중앙로,서울특별시 구로구 구로중앙로 135-6,서울특별시 구로구 구로동 500-27,,37.49995073,126.8828691,도로변(횡단보도 포함),일반쓰레기,일반 사각 쓰레기통,구로구청 청소행정과,02-860-2918,2023-03-31
구로중앙로,서울특별시 구로구 구로중앙로 135-6,서울특별시 구로구 구로동 500-27,,37.49995073,126.8828691,도로변(횡단보도 포함),일반쓰레기,일반 사각 쓰레기통,구로구청 청소행정과,02-860-2918,2023-03-31
구로동로,서울특별시 구로구 구로동로 141,서울특별시 구로구 구로동 704-57,,37.4913197,126.883399,도로변(횡단보도 포함),재활용,일반 사각 쓰레기통,구로구청 청소행정과,02-860-2918,2023-03-31
가마산로,서울특별시 구로구 가마산로 245,서울특별시 구로구 구로동 435,정문,37.49551123,126.8882891,도로변(횡단보도 포함),재활용,일반 사각 쓰레기통,구로구청 청소행정과,02-860-2918,2023-03-31
가마산로,서울특별시 구로구 가마산로 245,서울특별시 구로구 구로동 435,후문,37.49551123,126.8882891,도로변(횡단보도 포함),재활용,일반 사각 쓰레기통,구로구청 청소행정과,02-860-2918,2023-03-31
가마산로,서울특별시 구로구 가마산로 235,서울특별시 구로구 구로동 436-1,,37.49453206,126.887015,도로변(횡단보도 포함),재활용,일반 사각 쓰레기통,구로구청 청소행정과,02-860-2918,2023-03-31
가마산로,서울특별시 구로구 가마산로 250,서울특별시 구로구 구로동 83-4,,37.49481403,126.8886765,도로변(횡단보도 포함),일반쓰레기,일반 사각 쓰레기통,구로구청 청소행정과,02-860-2918,2023-03-31
가마산로,서울특별시 구로구 가마산로 250,서울특별시 구로구 구로동 83-4,,37.49481403,126.8886765,도로변(횡단보도 포함),일반쓰레기,항아리형 쓰레기통,구로구청 청소행정과,02-860-2918,2023-03-31
가마산로,서울특별시 구로구 가마산로 250,서울특별시 구로구 구로동 83-4,,37.49481403,126.8886765,도로변(횡단보도 포함),일반쓰레기,항아리형 쓰레기통,구로구청 청소행정과,02-860-2918,2023-03-31
구로동로,서울특별시 구로구 구로동로 135,서울특별시 구로구 구로동 754-9,,37.4906411,126.8837098,도로변(횡단보도 포함),재활용,일반 사각 쓰레기통,구로구청 청소행정과,02-860-2918,2023-03-31
가마산로,서울특별시 구로구 가마산로 206,서울특별시 구로구 구로동 426-92,,37.49304247,126.883991,도로변(횡단보도 포함),일반쓰레기,일반 사각 쓰레기통,구로구청 청소행정과,02-860-2918,2023-03-31
구로동로,서울특별시 구로구 구로동로 159,서울특별시 구로구 구로동 413-80,,37.49273634,126.8832036,도로변(횡단보도 포함),일반쓰레기,일반 사각 쓰레기통,구로구청 청소행정과,02-860-2918,2023-03-31
경인로,서울특별시 구로구 경인로 565,서울특별시 구로구 구로동 604-19,,37.50363988,126.8797139,도로변(횡단보도 포함),일반쓰레기,일반 사각 쓰레기통,구로구청 청소행정과,02-860-2918,2023-03-31
경인로,서울특별시 구로구 경인로 557,서울특별시 구로구 구로동 606-4,,37.50310865,126.8790091,도로변(횡단보도 포함),일반쓰레기,일반 사각 쓰레기통,구로구청 청소행정과,02-860-2918,2023-03-31
경인로,서울특별시 구로구 경인로 518,서울특별시 구로구 구로동 636-1,,37.50023921,126.8769102,도로변(횡단보도 포함),일반쓰레기,일반 사각 쓰레기통,구로구청 청소행정과,02-860-2918,2023-03-31
구로동로,서울특별시 구로구 구로동로 179,서울특별시 구로구 구로동 461-7,,37.49445292,126.8825421,도로변(횡단보도 포함),일반쓰레기,일반 사각 쓰레기통,구로구청 청소행정과,02-860-2918,2023-03-31
구로동로,서울특별시 구로구 구로동로 203,서울특별시 구로구 구로동 481-7,,37.49671859,126.8822699,도로변(횡단보도 포함),재활용,일반 사각 쓰레기통,구로구청 청소행정과,02-860-2918,2023-03-31
구로동로,서울특별시 구로구 구로동 490,,버스,,,도로변(횡단보도 포함),일반쓰레기,일반 사각 쓰레기통,구로구청 청소행정과,02-860-2918,2023-03-31
구로동로,서울특별시 구로구 구로동로 174,서울특별시 구로구 구로동 416-1,,37.49404864,126.8833646,도로변(횡단보도 포함),일반쓰레기,일반 사각 쓰레기통,구로구청 청소행정과,02-860-2918,2023-03-31
가마산로,서울특별시 구로구 가마산로 180-2,서울특별시 구로구 구로동 704-38,,37.49168151,126.8822748,도로변(횡단보도 포함),일반쓰레기,일반 사각 쓰레기통,구로구청 청소행정과,02-860-2918,2023-03-31
가마산로,서울특별시 구로구 가마산로 222,서울특별시 구로구 구로동 80-4,,37.49349581,126.8857884,도로변(횡단보도 포함),재활용,일반 사각 쓰레기통,구로구청 청소행정과,02-860-2918,2023-03-31
가마산로9길,서울특별시 구로구 가마산로9길 4-4,서울특별시 구로구 구로동 402-7,,37.49154041,126.8816385,도로변(횡단보도 포함),일반쓰레기,일반 사각 쓰레기통,구로구청 청소행정과,02-860-2918,2023-03-31
벚꽃로,서울특별시 구로구 벚꽃로 484,서울특별시 구로구 구로동 476-134,,37.49733165,126.8801354,도로변(횡단보도 포함),일반쓰레기,일반 사각 쓰레기통,구로구청 청소행정과,02-860-2918,2023-03-31
구로동로,서울특별시 구로구 구로동로 125-1,서울특별시 구로구 구로동 726-3,,37.48982287,126.8840474,도로변(횡단보도 포함),재활용,일반 사각 쓰레기통,구로구청 청소행정과,02-860-2918,2023-03-31
구로동로,서울특별시 구로구 구로동로 107,서울특별시 구로구 구로동 721-14,,37.48813556,126.8845201,도로변(횡단보도 포함),재활용,일반 사각 쓰레기통,구로구청 청소행정과,02-860-2918,2023-03-31
가마산로,서울특별시 구로구 가마산로 203,서울특별시 구로구 구로동 426-6,,37.49340254,126.8837472,도로변(횡단보도 포함),일반쓰레기,일반 사각 쓰레기통,구로구청 청소행정과,02-860-2918,2023-03-31
경인로,,,버스전용차로-17005,,,"정류소(버스, 택시 등)",일반쓰레기,항아리형 쓰레기통,구로구청 청소행정과,02-860-2918,2023-03-31
경인로,,,버스전용차로-17005,,,"정류소(버스, 택시 등)",일반쓰레기,일반 사각 쓰레기통,구로구청 청소행정과,02-860-2918,2023-03-31
경인로,,,버스전용차로-17006,,,"정류소(버스, 택시 등)",일반쓰레기,항아리형 쓰레기통,구로구청 청소행정과,02-860-2918,2023-03-31
겨인로,,,버스전용차로-17006,,,"정류소(버스, 택시 등)",일반쓰레기,일반 사각 쓰레기통,구로구청 청소행정과,02-860-2918,2023-03-31
가마산로,서울특별시 구로구 가마산로 250,서울특별시 구로구 구로동 83-4,,37.49481403,126.8886765,도로변(횡단보도 포함),일반쓰레기,항아리형 쓰레기통,구로구청 청소행정과,02-860-2918,2023-03-31
가마산로,서울특별시 구로구 가마산로 250,서울특별시 구로구 구로동 83-4,,37.49481403,126.8886765,도로변(횡단보도 포함),일반쓰레기,항아리형 쓰레기통,구로구청 청소행정과,02-860-2918,2023-03-31
가마산로,서울특별시 구로구 가마산로 242,서울특별시 구로구 구로동 83,,37.49436222,126.8876711,도로변(횡단보도 포함),일반쓰레기,일반 사각 쓰레기통,구로구청 청소행정과,02-860-2918,2023-03-31
구로동로,서울특별시 구로구 구로동로 238-1,서울특별시 구로구 구로동 497-7,,37.49983443,126.8826164,도로변(횡단보도 포함),일반쓰레기,일반 사각 쓰레기통,구로구청 청소행정과,02-860-2918,2023-03-31
구로동로,서울특별시 구로구 구로동로 153,서울특별시 구로구 구로동 413-88,,37.4923559,126.8834335,도로변(횡단보도 포함),일반쓰레기,일반 사각 쓰레기통,구로구청 청소행정과,02-860-2918,2023-03-31
가마산로,서울특별시 구로구 가마산로 218,서울특별시 구로구 구로동 80-24,,37.49321551,126.8851411,"정류소(버스, 택시 등)",일반쓰레기,일반 사각 쓰레기통,구로구청 청소행정과,02-860-2918,2023-03-31
가마산로,서울특별시 구로구 가마산로 218,서울특별시 구로구 구로동 80-24,,37.49321551,126.8851411,"정류소(버스, 택시 등)",일반쓰레기,일반 사각 쓰레기통,구로구청 청소행정과,02-860-2918,2023-03-31
가마산로,서울특별시 구로구 가마산로 242,서울특별시 구로구 구로동 83,,37.49436222,126.8876711,"정류소(버스, 택시 등)",일반쓰레기,일반 사각 쓰레기통,구로구청 청소행정과,02-860-2918,2023-03-31
구로동로,서울특별시 구로구 구로동로 173,서울특별시 구로구 구로동 415-3,,37.49392402,126.8829027,"정류소(버스, 택시 등)",일반쓰레기,일반 사각 쓰레기통,구로구청 청소행정과,02-860-2918,2023-03-31
구로동로,서울특별시 구로구 구로동로 216,서울특별시 구로구 구로동 486-11,,37.49784789,126.8827014,도로변(횡단보도 포함),일반쓰레기,일반 사각 쓰레기통,구로구청 청소행정과,02-860-2918,2023-03-31
가마산로,서울특별시 구로구 가마산로 245,서울특별시 구로구 구로동 436-1,구로구청,37.49453206,126.887015,도로변(횡단보도 포함),일반쓰레기,IoT태양광 압축 쓰레기통,구로구청 청소행정과,02-860-2918,2023-03-31
구로동로,서울특별시 구로구 구로동로 153,서울특별시 구로구 구로동 413-88,,37.4923559,126.8834335,도로변(횡단보도 포함),재활용,일반 사각 쓰레기통,구로구청 청소행정과,02-860-2918,2023-03-31
구로동로,서울특별시 구로구 구로동로 219,서울특별시 구로구 구로동 486-55,,37.49813373,126.8822071,도로변(횡단보도 포함),재활용,일반 사각 쓰레기통,구로구청 청소행정과,02-860-2918,2023-03-31
가마산로,서울특별시 구로구 가마산로 205,서울특별시 구로구 구로동 426-69,,37.49346137,126.884108,도로변(횡단보도 포함),재활용,일반 사각 쓰레기통,구로구청 청소행정과,02-860-2918,2023-03-31
구로동로,서울특별시 구로구 구로동로 170,서울특별시 구로구 구로동 416-7,,37.49376116,126.883394,도로변(횡단보도 포함),재활용,일반 사각 쓰레기통,구로구청 청소행정과,02-860-2918,2023-03-31
구로동로,서울특별시 구로구 구로동로 210,서울특별시 구로구 구로동 487-28,,37.49721417,126.8826589,도로변(횡단보도 포함),재활용,일반 사각 쓰레기통,구로구청 청소행정과,02-860-2918,2023-03-31
구로동로,서울특별시 구로구 구로동로 203,서울특별시 구로구 구로동 481-7,,37.49671859,126.8822699,도로변(횡단보도 포함),재활용,일반 사각 쓰레기통,구로구청 청소행정과,02-860-2918,2023-03-31
도림로,서울특별시 구로구 도림로 6,서울특별시 구로구 구로동 801-51,,37.4851606,126.8867371,도로변(횡단보도 포함),일반쓰레기,일반 사각 쓰레기통,구로구청 청소행정과,02-860-2918,2023-03-31
도림로,서울특별시 구로구 도림로 6,서울특별시 구로구 구로동 801-51,,37.4851606,126.8867371,도로변(횡단보도 포함),일반쓰레기,일반 사각 쓰레기통,구로구청 청소행정과,02-860-2918,2023-03-31
도림로,서울특별시 구로구 도림로 6,서울특별시 구로구 구로동 801-51,,37.4851606,126.8867371,도로변(횡단보도 포함),재활용,일반 사각 쓰레기통,구로구청 청소행정과,02-860-2918,2023-03-31
디지털로,서울특별시 구로구 디지털로 273,서울특별시 구로구 구로동 212-30,,37.48395432,126.8941033,도로변(횡단보도 포함),일반쓰레기,일반 사각 쓰레기통,구로구청 청소행정과,02-860-2918,2023-03-31
디지털로,서울특별시 구로구 디지털로 292,서울특별시 구로구 구로동 188-11,,37.48469365,126.8958922,도로변(횡단보도 포함),일반쓰레기,일반 사각 쓰레기통,구로구청 청소행정과,02-860-2918,2023-03-31
디지털로 ,서울특별시 구로구 디지털로 319,서울특별시 구로구 구로동 1256,,37.49003775,126.8954329,도로변(횡단보도 포함),일반쓰레기,일반 사각 쓰레기통,구로구청 청소행정과,02-860-2918,2023-03-31
디지털로26길,서울특별시 구로구 디지털로26길 5,서울특별시 구로구 구로동 235-2,,37.48161059,126.8934793,도로변(횡단보도 포함),일반쓰레기,일반 사각 쓰레기통,구로구청 청소행정과,02-860-2918,2023-03-31
디지털로31길,서울특별시 구로구 디지털로31길 120,서울특별시 구로구 구로동 1280,,37.48847002,126.890773,도로변(횡단보도 포함),일반쓰레기,일반 사각 쓰레기통,구로구청 청소행정과,02-860-2918,2023-03-31
디지털로32길,서울특별시 구로구 디지털로32길 55,서울특별시 구로구 구로동 817,,37.48398669,126.8983387,도로변(횡단보도 포함),일반쓰레기,일반 사각 쓰레기통,구로구청 청소행정과,02-860-2918,2023-03-31
디지털로32길,서울특별시 구로구 디지털로32길 79,서울특별시 구로구 구로동 824,,37.48353325,126.899752,도로변(횡단보도 포함),일반쓰레기,일반 사각 쓰레기통,구로구청 청소행정과,02-860-2918,2023-03-31
디지털로32길,서울특별시 구로구 디지털로32길 79,서울특별시 구로구 구로동 824,,37.48353325,126.899752,도로변(횡단보도 포함),재활용,일반 사각 쓰레기통,구로구청 청소행정과,02-860-2918,2023-03-31
디지털로32나길,서울특별시 구로구 디지털로32나길 38,서울특별시 구로구 구로동 1124-42,,37.48454459,126.9011985,상가지역,일반쓰레기,일반 사각 쓰레기통,구로구청 청소행정과,02-860-2918,2023-03-31
디지털로32나길,서울특별시 구로구 디지털로32나길 51,서울특별시 구로구 구로동 1124-49,,37.48490133,126.9003821,지하철역 입구,일반쓰레기,일반 사각 쓰레기통,구로구청 청소행정과,02-860-2918,2023-03-31
시흥대로,서울특별시 구로구 시흥대로 563,서울특별시 구로구 구로동 1125-9,,37.48298724,126.9010446,도로변(횡단보도 포함),일반쓰레기,일반 사각 쓰레기통,구로구청 청소행정과,02-860-2918,2023-03-31
시흥대로,서울특별시 구로구 시흥대로 563,서울특별시 구로구 구로동 1125-9,,37.48298724,126.9010446,도로변(횡단보도 포함),재활용,일반 사각 쓰레기통,구로구청 청소행정과,02-860-2918,2023-03-31
시흥대로,서울특별시 구로구 시흥대로 563,서울특별시 구로구 구로동 1125-5,,37.48339166,126.9014243,"정류소(버스, 택시 등)",일반쓰레기,일반 사각 쓰레기통,구로구청 청소행정과,02-860-2918,2023-03-31
시흥대로,서울특별시 구로구 시흥대로 563,서울특별시 구로구 구로동 1125-5,,37.48339166,126.9014243,"정류소(버스, 택시 등)",재활용,일반 사각 쓰레기통,구로구청 청소행정과,02-860-2918,2023-03-31
디지털로27가길,서울특별시 구로구 디지털로27가길 17,서울특별시 구로구 구로동 197-30,,37.48438754,126.8923345,도로변(횡단보도 포함),재활용,일반 사각 쓰레기통,구로구청 청소행정과,02-860-2918,2023-03-31
디지털로27가길,서울특별시 구로구 디지털로27가길 17,서울특별시 구로구 구로동 197-30,,37.48438754,126.8923345,도로변(횡단보도 포함),재활용,일반 사각 쓰레기통,구로구청 청소행정과,02-860-2918,2023-03-31
디지털로31길,서울특별시 구로구 디지털로31길 61,서울특별시 구로구 구로동 197-12,,37.48591087,126.891542,도로변(횡단보도 포함),재활용,일반 사각 쓰레기통,구로구청 청소행정과,02-860-2918,2023-03-31
디지털로33길,서울특별시 구로구 디지털로33길 11,서울특별시 구로구 구로동 256-1,,37.48666065,126.8913999,도로변(횡단보도 포함),재활용,일반 사각 쓰레기통,구로구청 청소행정과,02-860-2918,2023-03-31
디지털로31길,서울특별시 구로구 디지털로31길 109,서울특별시 구로구 구로동 777-39,,37.48734704,126.89033,도로변(횡단보도 포함),재활용,일반 사각 쓰레기통,구로구청 청소행정과,02-860-2918,2023-03-31
도림로,서울특별시 구로구 도림로 57,서울특별시 구로구 구로동 766-207,,37.48891958,126.8901495,도로변(횡단보도 포함),일반쓰레기,일반 사각 쓰레기통,구로구청 청소행정과,02-860-2918,2023-03-31
구로동로,서울특별시 구로구 구로동로 70,서울특별시 구로구 구로동 805-22,,37.48515115,126.8861846,도로변(횡단보도 포함),일반쓰레기,일반 사각 쓰레기통,구로구청 청소행정과,02-860-2918,2023-03-31
구로동로,서울특별시 구로구 구로동로 70,서울특별시 구로구 구로동 805-22,,37.48515115,126.8861846,도로변(횡단보도 포함),일반쓰레기,일반 사각 쓰레기통,구로구청 청소행정과,02-860-2918,2023-03-31
도림로,서울특별시 구로구 도림로 5,서울특별시 구로구 구로동 805-4,,37.48522857,126.8862995,"정류소(버스, 택시 등)",일반쓰레기,일반 사각 쓰레기통,구로구청 청소행정과,02-860-2918,2023-03-31
구로동로,서울특별시 구로구 구로동로 84,서울특별시 구로구 구로동 807-15,,37.48628409,126.885635,"정류소(버스, 택시 등)",일반쓰레기,일반 사각 쓰레기통,구로구청 청소행정과,02-860-2918,2023-03-31
구로동로,서울특별시 구로구 구로동로 96-1,서울특별시 구로구 구로동 738-65,,37.48731314,126.8851802,도로변(횡단보도 포함),일반쓰레기,일반 사각 쓰레기통,구로구청 청소행정과,02-860-2918,2023-03-31
구로동로,서울특별시 구로구 구로동로 108,서울특별시 구로구 구로동 737-1,,37.48825257,126.8848511,도로변(횡단보도 포함),일반쓰레기,일반 사각 쓰레기통,구로구청 청소행정과,02-860-2918,2023-03-31
구로동로,서울특별시 구로구 구로동로 124,서울특별시 구로구 구로동 732-3,,37.48963242,126.8845363,도로변(횡단보도 포함),일반쓰레기,일반 사각 쓰레기통,구로구청 청소행정과,02-860-2918,2023-03-31
구로동로,서울특별시 구로구 구로동로 124,서울특별시 구로구 구로동 732-3,,37.48963242,126.8845363,도로변(횡단보도 포함),일반쓰레기,일반 사각 쓰레기통,구로구청 청소행정과,02-860-2918,2023-03-31
구로동로,서울특별시 구로구 구로동로 126-2,서울특별시 구로구 구로동 732-1,,37.48993123,126.8845698,도로변(횡단보도 포함),일반쓰레기,일반 사각 쓰레기통,구로구청 청소행정과,02-860-2918,2023-03-31
구로중앙로,서울특별시 구로구 구로중앙로28길 66,서울특별시 구로구 구로동 109-4,,37.50010311,126.8893378,도로변(횡단보도 포함),재활용,일반 사각 쓰레기통,구로구청 청소행정과,02-860-2918,2023-03-31
구로중앙로,서울특별시 구로구 구로중앙로28길 66,서울특별시 구로구 구로동 109-4,,37.50010311,126.8893378,도로변(횡단보도 포함),재활용,일반 사각 쓰레기통,구로구청 청소행정과,02-860-2918,2023-03-31
새말로,서울특별시 구로구 새말로 94,서울특별시 구로구 구로동 25,,37.50547022,126.8904984,도로변(횡단보도 포함),재활용,일반 사각 쓰레기통,구로구청 청소행정과,02-860-2918,2023-03-31
새말로,서울특별시 구로구 새말로 94,서울특별시 구로구 구로동 25,,37.50547022,126.8904984,도로변(횡단보도 포함),재활용,일반 사각 쓰레기통,구로구청 청소행정과,02-860-2918,2023-03-31
구로중앙로,서울특별시 구로구 구로중앙로 68,서울특별시 구로구 구로동 100-8,버스,37.49586031,126.8888073,"정류소(버스, 택시 등)",재활용,일반 사각 쓰레기통,구로구청 청소행정과,02-860-2918,2023-03-31
구로중앙로,서울특별시 구로구 구로중앙로 68,서울특별시 구로구 구로동 100-8,버스,37.49586031,126.8888073,"정류소(버스, 택시 등)",재활용,일반 사각 쓰레기통,구로구청 청소행정과,02-860-2918,2023-03-31
구로중앙로,서울특별시 구로구 구로중앙로 152,서울특별시 구로구 구로동 573,횡단보도,37.50116014,126.882773,도로변(횡단보도 포함),재활용,일반 사각 쓰레기통,구로구청 청소행정과,02-860-2918,2023-03-31
구로중앙로,서울특별시 구로구 구로중앙로 152,서울특별시 구로구 구로동 573,횡단보도,37.50116014,126.882773,도로변(횡단보도 포함),재활용,일반 사각 쓰레기통,구로구청 청소행정과,02-860-2918,2023-03-31
구로중앙로,서울특별시 구로구 구로중앙로 152,서울특별시 구로구 구로동 573,버스,37.50116014,126.882773,"정류소(버스, 택시 등)",재활용,일반 사각 쓰레기통,구로구청 청소행정과,02-860-2918,2023-03-31
구로중앙로,서울특별시 구로구 구로중앙로 152,서울특별시 구로구 구로동 573,버스,37.50116014,126.882773,"정류소(버스, 택시 등)",재활용,일반 사각 쓰레기통,구로구청 청소행정과,02-860-2918,2023-03-31
가마산로,서울특별시 구로구 가마산로 283,서울특별시 구로구 구로동 104-9,,37.49690482,126.8913849,도로변(횡단보도 포함),재활용,일반 사각 쓰레기통,구로구청 청소행정과,02-860-2918,2023-03-31
가마산로,서울특별시 구로구 가마산로 283,서울특별시 구로구 구로동 104-9,,37.49690482,126.8913849,도로변(횡단보도 포함),재활용,일반 사각 쓰레기통,구로구청 청소행정과,02-860-2918,2023-03-31
새말로,서울특별시 구로구 새말로 81,서울특별시 구로구 구로동 8-14,버스,37.50514257,126.8889085,"정류소(버스, 택시 등)",재활용,일반 사각 쓰레기통,구로구청 청소행정과,02-860-2918,2023-03-31
가마산로27길,서울특별시 구로구 가마산로27길 45,서울특별시 구로구 구로동 105-1,,37.49884008,126.8903092,도로변(횡단보도 포함),일반쓰레기,일반 사각 쓰레기통,구로구청 청소행정과,02-860-2918,2023-03-31
공원로,서울특별시 구로구 공원로 27,서울특별시 구로구 구로동 107-9,,37.49939719,126.8910091,도로변(횡단보도 포함),재활용,일반 사각 쓰레기통,구로구청 청소행정과,02-860-2918,2023-03-31
공원로,서울특별시 구로구 공원로 51,서울특별시 구로구 구로동 110-2,,37.50131998,126.8893996,도로변(횡단보도 포함),일반쓰레기,일반 사각 쓰레기통,구로구청 청소행정과,02-860-2918,2023-03-31
공원로,서울특별시 구로구 공원로6길,,,,,도로변(횡단보도 포함),일반쓰레기,일반 사각 쓰레기통,구로구청 청소행정과,02-860-2918,2023-03-31
공원로,서울특별시 구로구 공원로 54,서울특별시 구로구 구로동 45-9,,37.50259229,126.8901814,도로변(횡단보도 포함),재활용,일반 사각 쓰레기통,구로구청 청소행정과,02-860-2918,2023-03-31
새말로,,,신도림역2번(택시),,,"정류소(버스, 택시 등)",일반쓰레기,일반 사각 쓰레기통,구로구청 청소행정과,02-860-2918,2023-03-31
새말로,서울특별시 구로구 새말로 117-6,서울특별시 구로구 구로동 3-55,횡단보도,37.5074418,126.8922686,도로변(횡단보도 포함),일반쓰레기,일반 사각 쓰레기통,구로구청 청소행정과,02-860-2918,2023-03-31
새말로,,,신도림역2번(신호등),,,도로변(횡단보도 포함),일반쓰레기,일반 사각 쓰레기통,구로구청 청소행정과,02-860-2918,2023-03-31
새말로,,,신도림역2번(자전거),,,도로변(횡단보도 포함),일반쓰레기,일반 사각 쓰레기통,구로구청 청소행정과,02-860-2918,2023-03-31
새말로,,,신도림역2번(환승),,,"정류소(버스, 택시 등)",재활용,일반 사각 쓰레기통,구로구청 청소행정과,02-860-2918,2023-03-31
경인로,서울특별시 구로구 경인로 572,서울특별시 구로구 구로동 603-9,,37.50330627,126.8810839,도로변(횡단보도 포함),일반쓰레기,일반 사각 쓰레기통,구로구청 청소행정과,02-860-2918,2023-03-31
구로중앙로,서울특별시 구로구 구로중앙로 68,서울특별시 구로구 구로동 100-8,,37.49586031,126.8888073,도로변(횡단보도 포함),일반쓰레기,항아리형 쓰레기통,구로구청 청소행정과,02-860-2918,2023-03-31
구로중앙로,서울특별시 구로구 구로중앙로 68,서울특별시 구로구 구로동 100-8,,37.49586031,126.8888073,도로변(횡단보도 포함),일반쓰레기,항아리형 쓰레기통,구로구청 청소행정과,02-860-2918,2023-03-31
구로중앙로28길,서울특별시 구로구 구로중앙로28길 65,서울특별시 구로구 구로동 111-16,,37.50047025,126.8889323,도로변(횡단보도 포함),일반쓰레기,일반 사각 쓰레기통,구로구청 청소행정과,02-860-2918,2023-03-31
구로중앙로28길,서울특별시 구로구 구로중앙로28길 108,,,,,도로변(횡단보도 포함),일반쓰레기,일반 사각 쓰레기통,구로구청 청소행정과,02-860-2918,2023-03-31
구로중앙로,서울특별시 구로구 구로동514-2,,,,,도로변(횡단보도 포함),재활용,일반 사각 쓰레기통,구로구청 청소행정과,02-860-2918,2023-03-31
새말로,서울특별시 구로구 구로동3-64,,,,,도로변(횡단보도 포함),재활용,일반 사각 쓰레기통,구로구청 청소행정과,02-860-2918,2023-03-31
공원로,서울특별시 구로구 공원로 27,서울특별시 구로구 구로동 107-9,,37.49939719,126.8910091,"정류소(버스, 택시 등)",재활용,일반 사각 쓰레기통,구로구청 청소행정과,02-860-2918,2023-03-31
오리로15길,서울특별시 구로구 오리로15길 32,서울특별시 구로구 궁동 213-42,,37.4938915,126.8314768,도로변(횡단보도 포함),일반쓰레기,일반 사각 쓰레기통,구로구청 청소행정과,02-860-2918,2023-03-31
오리로15길,서울특별시 구로구 오리로15길 32,서울특별시 구로구 궁동 213-42,,37.4938915,126.8314768,도로변(횡단보도 포함),재활용,일반 사각 쓰레기통,구로구청 청소행정과,02-860-2918,2023-03-31
오리로,서울특별시 구로구 오리로 1307,서울특별시 구로구 궁동 278-4,,37.49809846,126.8289553,도로변(횡단보도 포함),일반쓰레기,일반 사각 쓰레기통,구로구청 청소행정과,02-860-2918,2023-03-31
오리로,서울특별시 구로구 오리로 1293,서울특별시 구로구 궁동 283-5,,37.49688156,126.8292071,"정류소(버스, 택시 등)",일반쓰레기,일반 사각 쓰레기통,구로구청 청소행정과,02-860-2918,2023-03-31
오리로,서울특별시 구로구 오리로 1286,서울특별시 구로구 궁동 170-11,,37.49627786,126.8299962,도로변(횡단보도 포함),일반쓰레기,일반 사각 쓰레기통,구로구청 청소행정과,02-860-2918,2023-03-31
부일로,서울특별시 구로구 궁동 199-26,,우,,,"정류소(버스, 택시 등)",재활용,일반 사각 쓰레기통,구로구청 청소행정과,02-860-2918,2023-03-31
부일로15길,서울특별시 구로구 부일로15길 4,서울특별시 구로구 궁동 189-25,궁동입구버스정류장,37.49351635,126.834427,"정류소(버스, 택시 등)",일반쓰레기,일반 사각 쓰레기통,구로구청 청소행정과,02-860-2918,2023-03-31
부일로,서울특별시 구로구 부일로 957,서울특별시 구로구 궁동 202-6,건너편,37.49340026,126.8336922,"정류소(버스, 택시 등)",일반쓰레기,일반 사각 쓰레기통,구로구청 청소행정과,02-860-2918,2023-03-31
부일로,서울특별시 구로구 부일로 957,서울특별시 구로구 궁동 202-6,,37.49340026,126.8336922,"정류소(버스, 택시 등)",재활용,일반 사각 쓰레기통,구로구청 청소행정과,02-860-2918,2023-03-31
부일로,서울특별시 구로구 부일로 917,,,37.49341502,126.8327262,도로변(횡단보도 포함),재활용,일반 사각 쓰레기통,구로구청 청소행정과,02-860-2918,2023-03-31
부일로,서울특별시 구로구 온수동 119-4,,,,,도로변(횡단보도 포함),일반쓰레기,일반 사각 쓰레기통,구로구청 청소행정과,02-860-2918,2023-03-31
부일로,서울특별시 구로구 부일로 869,서울특별시 구로구 온수동 11-1,,37.49294292,126.823634,"정류소(버스, 택시 등)",재활용,일반 사각 쓰레기통,구로구청 청소행정과,02-860-2918,2023-03-31
부일로,서울특별시 구로구 부일로 861,서울특별시 구로구 온수동 18-12,맞은편,37.49265356,126.822945,도로변(횡단보도 포함),일반쓰레기,일반 사각 쓰레기통,구로구청 청소행정과,02-860-2918,2023-03-31
부일로9길,서울특별시 구로구 부일로9길 133,서울특별시 구로구 온수동 141,,37.49690229,126.8221862,도로변(횡단보도 포함),일반쓰레기,일반 사각 쓰레기통,구로구청 청소행정과,02-860-2918,2023-03-31
경인로3길,서울특별시 구로구 경인로3길 77,서울특별시 구로구 온수동 52,,37.49173696,126.823542,도로변(횡단보도 포함),재활용,일반 사각 쓰레기통,구로구청 청소행정과,02-860-2918,2023-03-31
경인로3길,서울특별시 구로구 경인로3길 77,서울특별시 구로구 온수동 52,,37.49173696,126.823542,도로변(횡단보도 포함),일반쓰레기,일반 사각 쓰레기통,구로구청 청소행정과,02-860-2918,2023-03-31
신도림로13길,서울특별시 구로구 신도림로13길 3,서울특별시 구로구 신도림동 416-13,,37.50839683,126.8803431,도로변(횡단보도 포함),재활용,일반 사각 쓰레기통,구로구청 청소행정과,02-860-2918,2023-03-31
신도림로,서울특별시 구로구 신도림로 16,서울특별시 구로구 신도림동 642,대림12차아파트 503동 앞,37.50512282,126.882191,"정류소(버스, 택시 등)",일반쓰레기,일반 사각 쓰레기통,구로구청 청소행정과,02-860-2918,2023-03-31
신도림로,서울특별시 구로구 신도림로 16,서울특별시 구로구 신도림동 642,대림12차아파트 503동 앞,37.50512282,126.882191,"정류소(버스, 택시 등)",재활용,일반 사각 쓰레기통,구로구청 청소행정과,02-860-2918,2023-03-31
신도림로,서울특별시 구로구 신도림로 2,서울특별시 구로구 신도림동 400-3,파리바게트 앞,37.50559462,126.8772754,도로변(횡단보도 포함),재활용,일반 사각 쓰레기통,구로구청 청소행정과,02-860-2918,2023-03-31
신도림로,서울특별시 구로구 신도림로 2,서울특별시 구로구 신도림동 400-3,파리바게트 앞,37.50559462,126.8772754,도로변(횡단보도 포함),일반쓰레기,일반 사각 쓰레기통,구로구청 청소행정과,02-860-2918,2023-03-31
신도림로,서울특별시 구로구 신도림로 78,서울특별시 구로구 신도림동 645,신도림중학교 앞,37.50938921,126.8847002,도로변(횡단보도 포함),일반쓰레기,일반 사각 쓰레기통,구로구청 청소행정과,02-860-2918,2023-03-31
신도림로,서울특별시 구로구 신도림로 67,서울특별시 구로구 신도림동 306-13,도야미리식당 앞,37.50992411,126.8820265,"정류소(버스, 택시 등)",일반쓰레기,일반 사각 쓰레기통,구로구청 청소행정과,02-860-2918,2023-03-31
경인로67길,서울특별시 구로구 신도림동 329-2,,아이파크아파트 맞은편,,,도로변(횡단보도 포함),일반쓰레기,일반 사각 쓰레기통,구로구청 청소행정과,02-860-2918,2023-03-31
경인로67길,서울특별시 구로구 신도림동 329-2,,아이파크아파트 맞은편,,,도로변(횡단보도 포함),일반쓰레기,일반 사각 쓰레기통,구로구청 청소행정과,02-860-2918,2023-03-31
신도림로,서울특별시 구로구 신도림로 40,서울특별시 구로구 신도림동 390-68,,37.50777999,126.8805952,도로변(횡단보도 포함),재활용,일반 사각 쓰레기통,구로구청 청소행정과,02-860-2918,2023-03-31
신도림로,서울특별시 구로구 신도림로 40,서울특별시 구로구 신도림동 390-68,,37.50777999,126.8805952,도로변(횡단보도 포함),재활용,일반 사각 쓰레기통,구로구청 청소행정과,02-860-2918,2023-03-31
신도림로,서울특별시 구로구 신도림로 40,서울특별시 구로구 신도림동 390-68,,37.50777999,126.8805952,도로변(횡단보도 포함),재활용,일반 사각 쓰레기통,구로구청 청소행정과,02-860-2918,2023-03-31
신도림로,서울특별시 구로구 신도림로19길 7,서울특별시 구로구 신도림동 649,,37.50907721,126.8824413,상가지역,재활용,일반 사각 쓰레기통,구로구청 청소행정과,02-860-2918,2023-03-31
신도림로,서울특별시 구로구 신도림로 11,서울특별시 구로구 신도림동 691,대림3차아파트 603동 앞,37.50727521,126.878181,"정류소(버스, 택시 등)",재활용,일반 사각 쓰레기통,구로구청 청소행정과,02-860-2918,2023-03-31
신도림로,서울특별시 구로구 신도림로 11,서울특별시 구로구 신도림동 691,대림3차아파트 603동 앞,37.50727521,126.878181,"정류소(버스, 택시 등)",일반쓰레기,일반 사각 쓰레기통,구로구청 청소행정과,02-860-2918,2023-03-31
경인로,서울특별시 구로구 경인로,서울특별시 구로구 신도림동 432-30,디큐브시티아파트 A동,37.50623763,126.8853921,"정류소(버스, 택시 등)",재활용,일반 사각 쓰레기통,구로구청 청소행정과,02-860-2918,2023-03-31
경인로,,,버스전용차로-17001,,,"정류소(버스, 택시 등)",일반쓰레기,항아리형 쓰레기통,구로구청 청소행정과,02-860-2918,2023-03-31
경인로,,,버스전용차로-17001,,,"정류소(버스, 택시 등)",재활용,원통형 쓰레기통,구로구청 청소행정과,02-860-2918,2023-03-31
경인로,,,버스전용차로-17002,,,"정류소(버스, 택시 등)",일반쓰레기,항아리형 쓰레기통,구로구청 청소행정과,02-860-2918,2023-03-31
경인로,,,버스전용차로-17002,,,"정류소(버스, 택시 등)",재활용,원통형 쓰레기통,구로구청 청소행정과,02-860-2918,2023-03-31
경인로,,,버스전용차로-17003,,,"정류소(버스, 택시 등)",재활용,항아리형 쓰레기통,구로구청 청소행정과,02-860-2918,2023-03-31
경인로,,,버스전용차로-17003,,,"정류소(버스, 택시 등)",일반쓰레기,일반 사각 쓰레기통,구로구청 청소행정과,02-860-2918,2023-03-31
경인로,,,버스전용차로-17004,,,"정류소(버스, 택시 등)",일반쓰레기,항아리형 쓰레기통,구로구청 청소행정과,02-860-2918,2023-03-31
경인로,,,버스전용차로-17004,,,"정류소(버스, 택시 등)",일반쓰레기,항아리형 쓰레기통,구로구청 청소행정과,02-860-2918,2023-03-31
경인로,,,푸르지오상가앞,,,도로변(횡단보도 포함),일반쓰레기,IoT태양광 압축 쓰레기통,구로구청 청소행정과,02-860-2918,2023-03-31
우마길,서울특별시 구로구 우마길14,,연길순희냉면,,,상가지역,담배꽁초,담배꽁초 수거함,구로구청 청소행정과,02-860-2918,2023-03-31
우마길,서울특별시 구로구 우마길14,,허흑오리,,,상가지역,담배꽁초,담배꽁초 수거함,구로구청 청소행정과,02-860-2918,2023-03-31
우마길,서울특별시 구로구 우마길14,,금단초두부,,,상가지역,담배꽁초,담배꽁초 수거함,구로구청 청소행정과,02-860-2918,2023-03-31
우마길,서울특별시 구로구 우마길23,,뽑기대륙 앞,,,상가지역,담배꽁초,담배꽁초 수거함,구로구청 청소행정과,02-860-2918,2023-03-31
우마길,서울특별시 구로구 우마길22,,연변냉면,,,상가지역,담배꽁초,담배꽁초 수거함,구로구청 청소행정과,02-860-2918,2023-03-31
우마길,서울특별시 구로구 우마길 16-24,,대박맛집 앞,,,상가지역,담배꽁초,담배꽁초 수거함,구로구청 청소행정과,02-860-2918,2023-03-31
우마길,서울특별시 구로구 우마길 16-21,,가리봉포차 앞,,,상가지역,담배꽁초,담배꽁초 수거함,구로구청 청소행정과,02-860-2918,2023-03-31
우마길,서울특별시 구로구 우마길 16-21,,한잔해호프 앞,,,상가지역,담배꽁초,담배꽁초 수거함,구로구청 청소행정과,02-860-2918,2023-03-31
우마길,서울특별시 구로구 우마길 16-5,,아리랑호프 앞,,,상가지역,담배꽁초,담배꽁초 수거함,구로구청 청소행정과,02-860-2918,2023-03-31
우마길,서울특별시 구로구 우마길23,,초원양꼬치,,,상가지역,담배꽁초,담배꽁초 수거함,구로구청 청소행정과,02-860-2918,2023-03-31
남부순환로105라길,서울특별시 구로구 남부순환로105라길 11,,신베이징노래방,,,상가지역,담배꽁초,담배꽁초 수거함,구로구청 청소행정과,02-860-2918,2023-03-31
우마길,서울특별시 구로구 우마길 14,,좋은날포차 앞,,,상가지역,담배꽁초,담배꽁초 수거함,구로구청 청소행정과,02-860-2918,2023-03-31
남부순환로105라길,서울특별시 구로구 남부순환로105라길 8,,참나무족발숯불갈비살,,,상가지역,담배꽁초,담배꽁초 수거함,구로구청 청소행정과,02-860-2918,2023-03-31
우마길,서울특별시 구로구 우마길 16-24,,황제호프 앞,,,상가지역,담배꽁초,담배꽁초 수거함,구로구청 청소행정과,02-860-2918,2023-03-31
경인로,서울특별시 구로구 경인로27길 7,,,37.49576046,126.8425846,도로변(횡단보도 포함),일반쓰레기,일반 사각 쓰레기통,구로구청 청소행정과,02-860-2918,2023-03-31
경인로,서울특별시 구로구 경인로 217,,,37.49576046,126.8425846,도로변(횡단보도 포함),재활용,일반 사각 쓰레기통,구로구청 청소행정과,02-860-2918,2023-03-31
고척로,서울특별시 구로구 고척로 52,,,37.49542213,126.840901,"정류소(버스, 택시 등)",일반쓰레기,일반 사각 쓰레기통,구로구청 청소행정과,02-860-2918,2023-03-31
고척로,서울특별시 구로구 고척로 6-1,서울특별시 구로구 오류동 9-190,,37.49542213,126.840901,"정류소(버스, 택시 등)",재활용,일반 사각 쓰레기통,구로구청 청소행정과,02-860-2918,2023-03-31
경인로,서울특별시 구로구 경인로 161,서울특별시 구로구 오류동 81-91,,37.49439186,126.8394568,"정류소(버스, 택시 등)",재활용,일반 사각 쓰레기통,구로구청 청소행정과,02-860-2918,2023-03-31
경인로,서울특별시 구로구 경인로 161,서울특별시 구로구 오류동 81-91,,37.49439186,126.8394568,"정류소(버스, 택시 등)",일반쓰레기,일반 사각 쓰레기통,구로구청 청소행정과,02-860-2918,2023-03-31
경인로,서울특별시 구로구 경인로 176-4,서울특별시 구로구 오류동 6-303,,37.49446439,126.8407215,"정류소(버스, 택시 등)",일반쓰레기,일반 사각 쓰레기통,구로구청 청소행정과,02-860-2918,2023-03-31
경인로,서울특별시 구로구 경인로 176-4,서울특별시 구로구 오류동 6-303,,37.49446439,126.8407215,"정류소(버스, 택시 등)",재활용,일반 사각 쓰레기통,구로구청 청소행정과,02-860-2918,2023-03-31
경인로,서울특별시 구로구 경인로 196,서울특별시 구로구 오류동 48-1,,37.49538169,126.8429307,도로변(횡단보도 포함),일반쓰레기,일반 사각 쓰레기통,구로구청 청소행정과,02-860-2918,2023-03-31
경인로,서울특별시 구로구 경인로 196,서울특별시 구로구 오류동 48-1,,37.49538169,126.8429307,도로변(횡단보도 포함),재활용,일반 사각 쓰레기통,구로구청 청소행정과,02-860-2918,2023-03-31
천왕로,,서울특별시 구로구 천왕동 282-10,,,,도로변(횡단보도 포함),재활용,일반 사각 쓰레기통,구로구청 청소행정과,02-860-2918,2023-03-31
오리로,,서울특별시 구로구 천왕동 12-39,,,,"정류소(버스, 택시 등)",재활용,일반 사각 쓰레기통,구로구청 청소행정과,02-860-2918,2023-03-31
오리로,,서울특별시 구로구 천왕동 11-17,,,,"정류소(버스, 택시 등)",일반쓰레기,일반 사각 쓰레기통,구로구청 청소행정과,02-860-2918,2023-03-31
오류로,서울특별시 구로구 오류로 66,서울특별시 구로구 오류동 156-28,,37.49048756,126.8408736,"정류소(버스, 택시 등)",재활용,일반 사각 쓰레기통,구로구청 청소행정과,02-860-2918,2023-03-31
오류로,서울특별시 구로구 오류로 86,서울특별시 구로구 오류동 134-1,,37.49246153,126.8409746,"광장, 공원 등 다중집합장소",재활용,일반 사각 쓰레기통,구로구청 청소행정과,02-860-2918,2023-03-31
오류로,서울특별시 구로구 오류로 86,서울특별시 구로구 오류동 134-1,,37.49246153,126.8409746,"광장, 공원 등 다중집합장소",일반쓰레기,일반 사각 쓰레기통,구로구청 청소행정과,02-860-2918,2023-03-31
오류로,서울특별시 구로구 오류로 86,서울특별시 구로구 오류동 134-1,,37.49246153,126.8409746,"광장, 공원 등 다중집합장소",일반쓰레기,일반 사각 쓰레기통,구로구청 청소행정과,02-860-2918,2023-03-31
서해안로,,서울특별시 구로구 오류동 332-36,,,,"광장, 공원 등 다중집합장소",일반쓰레기,일반 사각 쓰레기통,구로구청 청소행정과,02-860-2918,2023-03-31
오류로,,서울특별시 구로구 오류동 169-3,,,,"정류소(버스, 택시 등)",재활용,일반 사각 쓰레기통,구로구청 청소행정과,02-860-2918,2023-03-31
서해안로,,서울특별시 구로구 항동 115-2,,,,도로변(횡단보도 포함),재활용,일반 사각 쓰레기통,구로구청 청소행정과,02-860-2918,2023-03-31
서해안로,,서울특별시 구로구 항동 113-5,,,,도로변(횡단보도 포함),재활용,일반 사각 쓰레기통,구로구청 청소행정과,02-860-2918,2023-03-31
서해안로,,서울특별시 구로구 항동 82-7,,,,"정류소(버스, 택시 등)",재활용,일반 사각 쓰레기통,구로구청 청소행정과,02-860-2918,2023-03-31
서해안로,,서울특별시 구로구 항동 88-2,,,,"정류소(버스, 택시 등)",재활용,일반 사각 쓰레기통,구로구청 청소행정과,02-860-2918,2023-03-31
서해안로,,서울특별시 구로구 항동 204-2,,,,"정류소(버스, 택시 등)",재활용,일반 사각 쓰레기통,구로구청 청소행정과,02-860-2918,2023-03-31
연동로,,서울특별시 구로구 항동 169-1,,,,도로변(횡단보도 포함),재활용,일반 사각 쓰레기통,구로구청 청소행정과,02-860-2918,2023-03-31
연동로,,서울특별시 구로구 항동 100-14,,,,"정류소(버스, 택시 등)",재활용,일반 사각 쓰레기통,구로구청 청소행정과,02-860-2918,2023-03-31
연동로,서울특별시 구로구 연동로 240,서울특별시 구로구 항동 9-1,,37.48196844,126.8236695,"정류소(버스, 택시 등)",재활용,일반 사각 쓰레기통,구로구청 청소행정과,02-860-2918,2023-03-31
