연번,자치구명,도로(가로)명,설치위치,세부위치,설치지점,수거 쓰레기 종류,형태,담당자 연락처
1,서울특별시 강서구,가로공원로,화곡1동,나누리병원 16-199,버스정류장, 일반쓰레기 수거용 ,일반쓰레기통,02-2600-4067
2,서울특별시 강서구,가로공원로,화곡1동,나누리병원 16-200,버스정류장, 일반쓰레기 수거용 ,일반쓰레기통,02-2600-4067
3,서울특별시 강서구,강서로,화곡1동,까치산역 16-192,버스정류장, 일반쓰레기 수거용 ,일반쓰레기통,02-2600-4067
4,서울특별시 강서구,강서로,화곡1동,까치산역 16-192,버스정류장, 재활용수거  ,일반쓰레기통,02-2600-4067
5,서울특별시 강서구,강서로,화곡1동,화곡역.현대주유소 16-205,버스정류장, 일반쓰레기 수거용 ,일반쓰레기통,02-2600-4067
6,서울특별시 강서구,강서로,화곡3동,화곡중고등학교16-211,버스정류장, 일반쓰레기 수거용 ,일반쓰레기통,02-2600-4067
7,서울특별시 강서구,강서로,우장산동,화곡중고등학교16-212,버스정류장, 일반쓰레기 수거용 ,일반쓰레기통,02-2600-4067
8,서울특별시 강서구,강서로,우장산동,우장산역 1번출구16-213,버스정류장, 일반쓰레기 수거용 ,일반쓰레기통,02-2600-4067
9,서울특별시 강서구,강서로,발산1동,명덕고등학교16-216,버스정류장, 일반쓰레기 수거용 ,일반쓰레기통,02-2600-4067
10,서울특별시 강서구,강서로,발산1동,발산역힐스테이트16-218,버스정류장, 일반쓰레기 수거용 ,일반쓰레기통,02-2600-4067
11,서울특별시 강서구,강서로,발산1동,발산역힐스테이트16-218,버스정류장, 재활용수거  ,일반쓰레기통,02-2600-4067
12,서울특별시 강서구,강서로,가양1동,호서전문학교16-221,버스정류장, 일반쓰레기 수거용 ,일반쓰레기통,02-2600-4067
13,서울특별시 강서구,강서로,등촌3동,호서전문학교16-222,버스정류장, 일반쓰레기 수거용 ,일반쓰레기통,02-2600-4067
14,서울특별시 강서구,강서로,등촌3동,KT가양지사16-223,버스정류장, 일반쓰레기 수거용 ,일반쓰레기통,02-2600-4067
15,서울특별시 강서구,강서로,가양1동,KT가양지사16-224,버스정류장, 일반쓰레기 수거용 ,일반쓰레기통,02-2600-4067
16,서울특별시 강서구,강서로,우장산동,명덕고등학교16-916,버스정류장, 일반쓰레기 수거용 ,일반쓰레기통,02-2600-4067
17,서울특별시 강서구,강서로,발산1동,우장산역 4번출구16-974,버스정류장, 일반쓰레기 수거용 ,일반쓰레기통,02-2600-4067
18,서울특별시 강서구,개화로,방화2동,방화중학교16-163,버스정류장, 일반쓰레기 수거용 ,일반쓰레기통,02-2600-4067
19,서울특별시 강서구,개화로,방화2동,방화중학교16-163,버스정류장, 재활용수거  ,일반쓰레기통,02-2600-4067
20,서울특별시 강서구,개화로,방화2동,방화중학교16-164,버스정류장, 일반쓰레기 수거용 ,일반쓰레기통,02-2600-4067
21,서울특별시 강서구,개화로,방화2동,방화중학교16-164,버스정류장, 재활용수거  ,일반쓰레기통,02-2600-4067
22,서울특별시 강서구,개화로,방화2동,개화파출소앞16-167,버스정류장, 일반쓰레기 수거용 ,일반쓰레기통,02-2600-4067
23,서울특별시 강서구,개화로,방화2동,개화검문소앞16-169,버스정류장, 일반쓰레기 수거용 ,일반쓰레기통,02-2600-4067
24,서울특별시 강서구,개화로,방화2동,개화역16-170,버스정류장, 일반쓰레기 수거용 ,일반쓰레기통,02-2600-4067
25,서울특별시 강서구,개화로,방화2동,개화역16-170,버스정류장, 재활용수거  ,일반쓰레기통,02-2600-4067
26,서울특별시 강서구,개화로,방화2동,개화역입구,다중집합장소, 일반쓰레기 수거용 ,일반쓰레기통,02-2600-4067
27,서울특별시 강서구,공항대로,등촌2동,등촌중학교16-104,버스정류장, 일반쓰레기 수거용 ,일반쓰레기통,02-2600-4067
28,서울특별시 강서구,공항대로,화곡6동,하이웨이주유소16-106,버스정류장, 일반쓰레기 수거용 ,일반쓰레기통,02-2600-4067
29,서울특별시 강서구,공항대로,화곡6동,하이웨이주유소16-106,버스정류장, 재활용수거  ,일반쓰레기통,02-2600-4067
30,서울특별시 강서구,공항대로,등촌3동,한국가스공사16-109,버스정류장, 일반쓰레기 수거용 ,일반쓰레기통,02-2600-4067
31,서울특별시 강서구,공항대로,등촌3동,한국가스공사16-109,버스정류장, 재활용수거  ,일반쓰레기통,02-2600-4067
32,서울특별시 강서구,공항대로,우장산동,발산역16-112,버스정류장, 일반쓰레기 수거용 ,일반쓰레기통,02-2600-4067
33,서울특별시 강서구,공항대로,우장산동,발산역16-112,버스정류장, 재활용수거  ,일반쓰레기통,02-2600-4067
34,서울특별시 강서구,공항대로,공항동,송정역16-116,버스정류장, 일반쓰레기 수거용 ,일반쓰레기통,02-2600-4067
35,서울특별시 강서구,공항대로,공항동,송정역16-116,버스정류장, 재활용수거  ,일반쓰레기통,02-2600-4067
36,서울특별시 강서구,공항대로,가양1동,발산역9번출구,지하철입구, 일반쓰레기 수거용 ,일반쓰레기통,02-2600-4067
37,서울특별시 강서구,공항대로,공항동,송정역1번출구,지하철입구, 일반쓰레기 수거용 ,일반쓰레기통,02-2600-4067
38,서울특별시 강서구,공항대로,공항동,송정역1번출구,지하철입구, 재활용수거  ,일반쓰레기통,02-2600-4067
39,서울특별시 강서구,공항대로,염창동,서울특별시 강서구보건소 앞,다중집합장소, 일반쓰레기 수거용 ,일반쓰레기통,02-2600-4067
40,서울특별시 강서구,공항대로,염창동,서울특별시 강서구보건소 앞,다중집합장소, 재활용수거  ,일반쓰레기통,02-2600-4067
41,서울특별시 강서구,공항대로,염창동,도레미빌딩앞,다중집합장소, 일반쓰레기 수거용 ,일반쓰레기통,02-2600-4067
42,서울특별시 강서구,공항대로,등촌1동,등촌삼거리,다중집합장소, 일반쓰레기 수거용 ,일반쓰레기통,02-2600-4067
43,서울특별시 강서구,공항대로,등촌1동,등촌삼거리,다중집합장소, 재활용수거  ,일반쓰레기통,02-2600-4067
44,서울특별시 강서구,공항대로,공항동,송정역 4번출구앞,지하철입구, 일반쓰레기 수거용 ,일반쓰레기통,02-2600-4067
45,서울특별시 강서구,공항대로,공항동,송정역 4번출구앞,지하철입구, 재활용수거  ,일반쓰레기통,02-2600-4067
46,서울특별시 강서구,공항대로,공항동,송정초등학교 앞,다중집합장소, 일반쓰레기 수거용 ,일반쓰레기통,02-2600-4067
47,서울특별시 강서구,공항대로,공항동,송정초등학교 앞,다중집합장소, 재활용수거  ,일반쓰레기통,02-2600-4067
48,서울특별시 강서구,공항대로,등촌1동,정보화진흥공단,다중집합장소, 일반쓰레기 수거용 ,일반쓰레기통,02-2600-4067
49,서울특별시 강서구,공항대로,등촌1동,하이웨이주유소건너,다중집합장소, 일반쓰레기 수거용 ,일반쓰레기통,02-2600-4067
50,서울특별시 강서구,공항대로,등촌1동,하이웨이주유소건너,다중집합장소, 재활용수거  ,일반쓰레기통,02-2600-4067
51,서울특별시 강서구,공항대로,염창동,서울특별시 강서구평생학습관 앞,다중집합장소, 일반쓰레기 수거용 ,일반쓰레기통,02-2600-4067
52,서울특별시 강서구,공항대로,염창동,서울특별시 강서구평생학습관 앞,다중집합장소, 재활용수거  ,일반쓰레기통,02-2600-4067
53,서울특별시 강서구,공항대로45길,등촌1동,골프장16-558,버스정류장, 일반쓰레기 수거용 ,일반쓰레기통,02-2600-4067
54,서울특별시 강서구,공항대로,공항동,송정역(중앙차로),버스정류장, 일반쓰레기 수거용 ,일반쓰레기통,02-2600-4067
55,서울특별시 강서구,공항대로,공항동,송정역(중앙차로),버스정류장, 재활용수거  ,일반쓰레기통,02-2600-4067
56,서울특별시 강서구,금낭화로,방화1동,국민은행방화동지점,다중집합장소, 일반쓰레기 수거용 ,일반쓰레기통,02-2600-4067
57,서울특별시 강서구,금낭화로,방화1동,국민은행방화동지점,다중집합장소, 재활용수거  ,일반쓰레기통,02-2600-4067
58,서울특별시 강서구,금낭화로,방화3동,국립국어원16-133,버스정류장, 일반쓰레기 수거용 ,일반쓰레기통,02-2600-4067
59,서울특별시 강서구,금낭화로,방화3동,국립국어원16-133,버스정류장, 재활용수거  ,일반쓰레기통,02-2600-4067
60,서울특별시 강서구,등촌로,등촌2동,영일고등학교16-173,버스정류장, 일반쓰레기 수거용 ,일반쓰레기통,02-2600-4067
61,서울특별시 강서구,등촌로,등촌2동,대일고등학교16-176,버스정류장, 일반쓰레기 수거용 ,일반쓰레기통,02-2600-4067
62,서울특별시 강서구,등촌로,등촌2동,대일고등학교16-176,버스정류장, 재활용수거  ,일반쓰레기통,02-2600-4067
63,서울특별시 강서구,등촌로,화곡4동,목동사거리16-179,버스정류장, 일반쓰레기 수거용 ,일반쓰레기통,02-2600-4067
64,서울특별시 강서구,등촌로,화곡4동,목동사거리16-179,버스정류장, 재활용수거  ,일반쓰레기통,02-2600-4067
65,서울특별시 강서구,방화대로,방화1동,세민정보고등학교16-306,버스정류장, 일반쓰레기 수거용 ,일반쓰레기통,02-2600-4067
66,서울특별시 강서구,방화대로,방화1동,세민정보고등학교16-306,버스정류장, 재활용수거  ,일반쓰레기통,02-2600-4067
67,서울특별시 강서구,방화대로,방화1동,신방화역 3번출구,지하철입구, 일반쓰레기 수거용 ,일반쓰레기통,02-2600-4067
68,서울특별시 강서구,방화대로,방화1동,신방화역 3번출구,지하철입구, 재활용수거  ,일반쓰레기통,02-2600-4067
69,서울특별시 강서구,방화동로,공항동,공항시장16-119,버스정류장, 일반쓰레기 수거용 ,일반쓰레기통,02-2600-4067
70,서울특별시 강서구,방화동로,공항동,국민은행공항동16-120,버스정류장, 일반쓰레기 수거용 ,일반쓰레기통,02-2600-4067
71,서울특별시 강서구,방화동로,공항동,국민은행공항동16-120,버스정류장, 재활용수거  ,일반쓰레기통,02-2600-4067
72,서울특별시 강서구,양천로,염창동,"염창동아3차,나이아가라호텔16-245",버스정류장, 일반쓰레기 수거용 ,일반쓰레기통,02-2600-4067
73,서울특별시 강서구,양천로,염창동,염창동새마을금고16-248,버스정류장, 일반쓰레기 수거용 ,일반쓰레기통,02-2600-4067
74,서울특별시 강서구,양천로,염창동,"블루나인비지니스센터,이마트16-253",버스정류장, 일반쓰레기 수거용 ,일반쓰레기통,02-2600-4067
75,서울특별시 강서구,양천로,염창동,"블루나인비지니스센터,이마트16-254",버스정류장, 일반쓰레기 수거용 ,일반쓰레기통,02-2600-4067
76,서울특별시 강서구,양천로,염창동,"블루나인비지니스센터,이마트16-254",버스정류장, 재활용수거  ,일반쓰레기통,02-2600-4067
77,서울특별시 강서구,양천로,등촌3동,등촌동대림아파트16-265,버스정류장, 일반쓰레기 수거용 ,일반쓰레기통,02-2600-4067
78,서울특별시 강서구,양천로,가양1동,가양동CJ주식회사16-267,버스정류장, 일반쓰레기 수거용 ,일반쓰레기통,02-2600-4067
79,서울특별시 강서구,양천로,가양1동,겸재정선기념관16-272,버스정류장, 일반쓰레기 수거용 ,일반쓰레기통,02-2600-4067
80,서울특별시 강서구,양천로,가양1동,서남환경공원마곡 16-278,버스정류장, 일반쓰레기 수거용 ,일반쓰레기통,02-2600-4067
81,서울특별시 강서구,양천로,방화2동,개화산역16-287,버스정류장, 일반쓰레기 수거용 ,일반쓰레기통,02-2600-4067
82,서울특별시 강서구,양천로,방화2동,개화산역16-287,버스정류장, 재활용수거  ,일반쓰레기통,02-2600-4067
83,서울특별시 강서구,양천로,가양1동,양천향교역16-309,버스정류장, 일반쓰레기 수거용 ,일반쓰레기통,02-2600-4067
84,서울특별시 강서구,양천로,가양3동,증미역2번출구,지하철입구, 일반쓰레기 수거용 ,일반쓰레기통,02-2600-4067
85,서울특별시 강서구,양천로,가양3동,가양역5번출구,지하철입구, 일반쓰레기 수거용 ,일반쓰레기통,02-2600-4067
86,서울특별시 강서구,양천로,가양3동,가양역5번출구,지하철입구, 재활용수거  ,일반쓰레기통,02-2600-4067
87,서울특별시 강서구,양천로,가양1동,양천향교역 1번출구,지하철입구, 일반쓰레기 수거용 ,일반쓰레기통,02-2600-4067
88,서울특별시 강서구,양천로,가양1동,양천향교역 1번출구,지하철입구, 재활용수거  ,일반쓰레기통,02-2600-4067
89,서울특별시 강서구,양천로,염창동,염창동주유소앞,다중집합장소, 일반쓰레기 수거용 ,일반쓰레기통,02-2600-4067
90,서울특별시 강서구,양천로,가양1동,양천초등학교16-270,버스정류장, 일반쓰레기 수거용 ,일반쓰레기통,02-2600-4067
91,서울특별시 강서구,양천로59길,가양3동,서울특별시 강서구구청가양동별관,다중집합장소, 일반쓰레기 수거용 ,일반쓰레기통,02-2600-4067
92,서울특별시 강서구,양천로59길,가양3동,서울특별시 강서구구청가양동별관,다중집합장소, 재활용수거  ,일반쓰레기통,02-2600-4067
93,서울특별시 강서구,양천로59길,가양3동,서울특별시 강서구구청가양별관16-241,버스정류장, 일반쓰레기 수거용 ,일반쓰레기통,02-2600-4067
94,서울특별시 강서구,허준로,가양1동,가양한강타운아파트16-227,버스정류장, 일반쓰레기 수거용 ,일반쓰레기통,02-2600-4067
95,서울특별시 강서구,허준로,가양1동,가양한강타운아파트16-227,버스정류장, 재활용수거  ,일반쓰레기통,02-2600-4067
96,서울특별시 강서구,허준로,가양2동,가양동천주교회26-232,버스정류장, 일반쓰레기 수거용 ,일반쓰레기통,02-2600-4067
97,서울특별시 강서구,허준로,가양2동,공진중학교16-233,버스정류장, 일반쓰레기 수거용 ,일반쓰레기통,02-2600-4067
98,서울특별시 강서구,허준로,가양2동,가양도시개발4단지아파트16-235,버스정류장, 일반쓰레기 수거용 ,일반쓰레기통,02-2600-4067
99,서울특별시 강서구,허준로,가양2동,대림경동아파트16-235,버스정류장, 일반쓰레기 수거용 ,일반쓰레기통,02-2600-4067
100,서울특별시 강서구,허준로,가양2동,가양5단지아파트16-237,버스정류장, 일반쓰레기 수거용 ,일반쓰레기통,02-2600-4067
101,서울특별시 강서구,허준로,가양1동,가양한강타운아파트16-228,버스정류장, 일반쓰레기 수거용 ,일반쓰레기통,02-2600-4067
102,서울특별시 강서구,허준로,가양1동,가양한강타운아파트16-228,버스정류장, 재활용수거  ,일반쓰레기통,02-2600-4067
103,서울특별시 강서구,화곡로,등촌3동,마포고등학교16-136,버스정류장, 일반쓰레기 수거용 ,일반쓰레기통,02-2600-4067
104,서울특별시 강서구,화곡로,등촌3동,마포고등학교16-136,버스정류장, 재활용수거  ,일반쓰레기통,02-2600-4067
105,서울특별시 강서구,화곡로,등촌1동,경복여상 앞16-137,버스정류장, 일반쓰레기 수거용 ,일반쓰레기통,02-2600-4067
106,서울특별시 강서구,화곡로,등촌1동,경복여상 앞16-137,버스정류장, 재활용수거  ,일반쓰레기통,02-2600-4067
107,서울특별시 강서구,화곡로,등촌3동,경복여고16-138,버스정류장, 일반쓰레기 수거용 ,일반쓰레기통,02-2600-4067
108,서울특별시 강서구,화곡로,등촌3동,경복여고16-138,버스정류장, 재활용수거  ,일반쓰레기통,02-2600-4067
109,서울특별시 강서구,화곡로,화곡6동,서울특별시 강서구구청16-139,버스정류장, 일반쓰레기 수거용 ,일반쓰레기통,02-2600-4067
110,서울특별시 강서구,화곡로,화곡6동,서울특별시 강서구구청16-139,버스정류장, 재활용수거  ,일반쓰레기통,02-2600-4067
111,서울특별시 강서구,화곡로,화곡6동,서울특별시 강서구구청16-140,버스정류장, 일반쓰레기 수거용 ,일반쓰레기통,02-2600-4067
112,서울특별시 강서구,화곡로,화곡6동,서울특별시 강서구구청16-140,버스정류장, 재활용수거  ,일반쓰레기통,02-2600-4067
113,서울특별시 강서구,화곡로,화곡6동,우장초등학교16-141,버스정류장, 일반쓰레기 수거용 ,일반쓰레기통,02-2600-4067
114,서울특별시 강서구,화곡로,화곡6동,우장초등학교16-141,버스정류장, 재활용수거  ,일반쓰레기통,02-2600-4067
115,서울특별시 강서구,화곡로,화곡6동,우장초등학교16-142,버스정류장, 일반쓰레기 수거용 ,일반쓰레기통,02-2600-4067
116,서울특별시 강서구,화곡로,화곡본동,폴리텍대학16-144,버스정류장, 일반쓰레기 수거용 ,일반쓰레기통,02-2600-4067
117,서울특별시 강서구,화곡로,화곡본동,폴리텍대학16-144,버스정류장, 재활용수거  ,일반쓰레기통,02-2600-4067
118,서울특별시 강서구,화곡로,우장산동,화곡시장16-145,버스정류장, 일반쓰레기 수거용 ,일반쓰레기통,02-2600-4067
119,서울특별시 강서구,화곡로,우장산동,화곡시장16-145,버스정류장, 재활용수거  ,일반쓰레기통,02-2600-4067
120,서울특별시 강서구,화곡로,화곡본동,화곡시장16-146,버스정류장, 일반쓰레기 수거용 ,일반쓰레기통,02-2600-4067
121,서울특별시 강서구,화곡로,화곡본동,화곡시장16-146,버스정류장, 재활용수거  ,일반쓰레기통,02-2600-4067
122,서울특별시 강서구,화곡로,화곡1동,화곡역에이스정형외과16-147,버스정류장, 일반쓰레기 수거용 ,일반쓰레기통,02-2600-4067
123,서울특별시 강서구,화곡로,화곡1동,화곡역에이스정형외과16-147,버스정류장, 재활용수거  ,일반쓰레기통,02-2600-4067
124,서울특별시 강서구,화곡로,화곡3동,화곡역에이스정형외과16-148,버스정류장, 일반쓰레기 수거용 ,일반쓰레기통,02-2600-4067
125,서울특별시 강서구,화곡로,화곡3동,화곡역에이스정형외과16-148,버스정류장, 재활용수거  ,일반쓰레기통,02-2600-4067
126,서울특별시 강서구,화곡로,화곡1동,화곡푸르지오16-149,버스정류장, 일반쓰레기 수거용 ,일반쓰레기통,02-2600-4067
127,서울특별시 강서구,화곡로,화곡1동,화곡푸르지오16-149,버스정류장, 재활용수거  ,일반쓰레기통,02-2600-4067
128,서울특별시 강서구,화곡로,화곡본동,제일성심병원16-341,버스정류장, 일반쓰레기 수거용 ,일반쓰레기통,02-2600-4067
129,서울특별시 강서구,화곡로,우장산동,제일성심병원16-361,버스정류장, 일반쓰레기 수거용 ,일반쓰레기통,02-2600-4067
130,서울특별시 강서구,화곡로,가양3동,가양역4번출구,지하철입구, 일반쓰레기 수거용 ,일반쓰레기통,02-2600-4067
131,서울특별시 강서구,화곡로,가양2동,가양역3번출구쪽,지하철입구, 일반쓰레기 수거용 ,일반쓰레기통,02-2600-4067
132,서울특별시 강서구,화곡로,가양2동,가양역3번출구쪽,지하철입구, 재활용수거  ,일반쓰레기통,02-2600-4067
133,서울특별시 강서구,화곡로,등촌3동,가양역9번출구,지하철입구, 일반쓰레기 수거용 ,일반쓰레기통,02-2600-4067
134,서울특별시 강서구,화곡로,등촌3동,가양역9번출구,지하철입구, 재활용수거  ,일반쓰레기통,02-2600-4067
135,서울특별시 강서구,화곡로,화곡1동,"화곡역5,6번출구쪽",지하철입구, 일반쓰레기 수거용 ,일반쓰레기통,02-2600-4067
136,서울특별시 강서구,화곡로,화곡1동,"화곡역5,6번출구쪽",지하철입구, 재활용수거  ,일반쓰레기통,02-2600-4067
137,서울특별시 강서구,화곡로,화곡3동,"화곡역7,8번출구쪽",지하철입구, 일반쓰레기 수거용 ,일반쓰레기통,02-2600-4067
138,서울특별시 강서구,화곡로,화곡3동,"화곡역7,8번출구쪽",지하철입구, 재활용수거  ,일반쓰레기통,02-2600-4067
139,서울특별시 강서구,화곡로,화곡6동,서울특별시 강서구구청앞1,다중집합장소, 일반쓰레기 수거용 ,일반쓰레기통,02-2600-4067
140,서울특별시 강서구,화곡로,화곡6동,서울특별시 강서구구청앞2,다중집합장소, 일반쓰레기 수거용 ,일반쓰레기통,02-2600-4067
141,서울특별시 강서구,마곡중앙5로,방화1동,신방화역 4번 출구 토마토 김밥집 앞,다중집합장소, 일반쓰레기 수거용 ,항아리형 쓰레기통,02-2600-4067
142,서울특별시 강서구,마곡중앙5로,방화1동,신방화역 4번 출구 토마토 김밥집 앞,다중집합장소, 재활용수거  ,항아리형 쓰레기통,02-2600-4067
143,서울특별시 강서구,마곡서1로,방화1동,신방화역 5번 출구 행복부동산 앞,다중집합장소, 일반쓰레기 수거용 ,항아리형 쓰레기통,02-2600-4067
144,서울특별시 강서구,마곡서1로,방화1동,신방화역 5번 출구 행복부동산 앞,다중집합장소, 재활용수거  ,항아리형 쓰레기통,02-2600-4067
145,서울특별시 강서구,마곡중앙로,발산1동,엠벨리15단지 버스정류장 앞16-428,버스정류장, 일반쓰레기 수거용 ,항아리형 쓰레기통,02-2600-4067
146,서울특별시 강서구,마곡중앙로,발산1동,엠벨리15단지 버스정류장 앞16-428,버스정류장, 재활용수거  ,항아리형 쓰레기통,02-2600-4067
147,서울특별시 강서구,강서로,등촌3동,그랜드마트 정류장앞16-337,버스정류장, 일반쓰레기 수거용 ,항아리형 쓰레기통,02-2600-4067
148,서울특별시 강서구,강서로,등촌3동,그랜드마트 정류장앞16-337,버스정류장, 재활용수거  ,항아리형 쓰레기통,02-2600-4067
149,서울특별시 강서구,양천로59길,가양3동,서울특별시 강서구구청 가양동별관,다중집합장소, 일반쓰레기 수거용 ,항아리형 쓰레기통,02-2600-4067
150,서울특별시 강서구,양천로59길,가양3동,서울특별시 강서구구청 가양동별관,다중집합장소, 재활용수거  ,항아리형 쓰레기통,02-2600-4067
151,서울특별시 강서구,화곡로,화곡6동,서울특별시 강서구구청 본관 공원,다중집합장소, 일반쓰레기 수거용 ,항아리형 쓰레기통,02-2600-4067
152,서울특별시 강서구,화곡로,화곡6동,서울특별시 강서구구청 본관 공원,다중집합장소, 재활용수거  ,항아리형 쓰레기통,02-2600-4067
153,서울특별시 강서구,화곡로,화곡6동,서울특별시 강서구구청 본관 뒤편 공원,다중집합장소, 일반쓰레기 수거용 ,항아리형 쓰레기통,02-2600-4067
154,서울특별시 강서구,허준로,가양3동,가양3동주민센터 버스정류장(16-242),버스정류장, 일반쓰레기 수거용 ,일반쓰레기통,02-2600-4067
155,서울특별시 강서구,양천로,가양1동,서울특별시 강서구한강자이아파트 버스정류장(16-266),버스정류장, 일반쓰레기 수거용 ,일반쓰레기통,02-2600-4067
156,서울특별시 강서구,양천로,염창동,염창동한마음.관음삼성아파트(16-249),버스정류장, 일반쓰레기 수거용 ,일반쓰레기통,02-2600-4067
157,서울특별시 강서구,허준로,가양3동,가양3동 1484-6 인도변,버스정류장, 일반쓰레기 수거용 ,일반쓰레기통,02-2600-4067
158,서울특별시 강서구,강서로,가양1동,양천향교역.휴먼빌아파트버스정류장(16-225),버스정류장, 일반쓰레기 수거용 ,일반쓰레기통,02-2600-4067
159,서울특별시 강서구,가로공원로,화곡1동,화원중학교버스정류장(16-202),버스정류장, 일반쓰레기 수거용 ,일반쓰레기통,02-2600-4067
160,서울특별시 강서구,월정로,화곡1동,황외과앞버스정류장(16-190),버스정류장, 일반쓰레기 수거용 ,일반쓰레기통,02-2600-4067
161,서울특별시 강서구,곰달래로,화곡1동,서울특별시 강서구한방병원버스정류장(16-328),버스정류장, 일반쓰레기 수거용 ,일반쓰레기통,02-2600-4067
162,서울특별시 강서구,곰달래로,화곡1동,화곡동유림아파트버스정류장(16-188),버스정류장, 일반쓰레기 수거용 ,일반쓰레기통,02-2600-4067
163,서울특별시 강서구,곰달래로,화곡2동,서울신정초등학교버스정류장(16-182),버스정류장, 일반쓰레기 수거용 ,일반쓰레기통,02-2600-4067
164,서울특별시 강서구,곰달래로,화곡4동,화곡동남부시장버스정류장(16-180),버스정류장, 일반쓰레기 수거용 ,일반쓰레기통,02-2600-4067
165,서울특별시 강서구,등촌로,화곡4동,목동사거리버스정류장(16-178),버스정류장, 일반쓰레기 수거용 ,일반쓰레기통,02-2600-4067
166,서울특별시 강서구,남부순환로,발산1동,서울특별시 강서구면허시험장메이필드호텔 정류장(16-153),버스정류장, 일반쓰레기 수거용 ,일반쓰레기통,02-2600-4067
167,서울특별시 강서구,강서로,가양1동,등촌3동그랜드백화점  버스정류장(16-219),버스정류장, 일반쓰레기 수거용 ,일반쓰레기통,02-2600-4067
168,서울특별시 강서구,수명로,발산1동,마곡수명산파크5단지6단지  정류장(16-417),버스정류장, 일반쓰레기 수거용 ,일반쓰레기통,02-2600-4067
169,서울특별시 강서구,공항대로,가양1동,마곡역 버스정류장(16-018),버스정류장, 일반쓰레기 수거용 ,일반쓰레기통,02-2600-4067
170,서울특별시 강서구,마곡중앙로,가양1동,마곡역 버스정류장(16-398),버스정류장, 일반쓰레기 수거용 ,일반쓰레기통,02-2600-4067
171,서울특별시 강서구,강서로,우장산동,발산역.우장산힐스테이트버스정류장(16-217),버스정류장, 일반쓰레기 수거용 ,일반쓰레기통,02-2600-4067
172,서울특별시 강서구,남부순환로,발산1동,외발산광명마을 버스정류장(16-152),버스정류장, 일반쓰레기 수거용 ,일반쓰레기통,02-2600-4067
173,서울특별시 강서구,남부순환로,공항동,공항동천주교회 버스정류장(16-161),버스정류장, 일반쓰레기 수거용 ,일반쓰레기통,02-2600-4067
174,서울특별시 강서구,김포대로,방화2동,상사마을입구 버스정류장(16-172),버스정류장, 일반쓰레기 수거용 ,일반쓰레기통,02-2600-4067
175,서울특별시 강서구,마곡중앙5로,가양1동,마곡나루역 버스정류장(16-396),버스정류장, 일반쓰레기 수거용 ,일반쓰레기통,02-2600-4067
176,서울특별시 강서구,마곡중앙5로,가양1동,마곡나루역 버스정류장(16-396),버스정류장, 재활용수거  ,일반쓰레기통,02-2600-4067
177,서울특별시 강서구,마곡중앙5로,가양1동,마곡나루역1번출구 버스정류장(16-399),버스정류장, 일반쓰레기 수거용 ,일반쓰레기통,02-2600-4067
178,서울특별시 강서구,마곡중앙5로,가양1동,마곡나루역1번출구 버스정류장(16-399),버스정류장, 재활용수거  ,일반쓰레기통,02-2600-4067
179,서울특별시 강서구,마곡중앙5로,가양1동,마곡엠밸리7단지.712동 버스정류장(16-702),버스정류장, 일반쓰레기 수거용 ,일반쓰레기통,02-2600-4067
180,서울특별시 강서구,마곡중앙5로,가양1동,마곡엠밸리7단지.712동 버스정류장(16-702),버스정류장, 재활용수거  ,일반쓰레기통,02-2600-4067
181,서울특별시 강서구,방화대로,방화1동,마곡엠밸리5단지 버스정류장(16-706),버스정류장, 일반쓰레기 수거용 ,일반쓰레기통,02-2600-4067
182,서울특별시 강서구,방화대로,방화1동,마곡엠밸리5단지 버스정류장(16-706),버스정류장, 재활용수거  ,일반쓰레기통,02-2600-4067
183,서울특별시 강서구,마곡서로,가양1동,마곡엠벨리7단지앞 마을버스정류장(마곡동767-6),버스정류장, 일반쓰레기 수거용 ,일반쓰레기통,02-2600-4067
184,서울특별시 강서구,등촌로,등촌2동,영일고등학교.서울특별시 강서구도서관 버스정류장(16-173),버스정류장, 일반쓰레기 수거용 ,일반쓰레기통,02-2600-4067
185,서울특별시 강서구,등촌로,등촌2동,아이파크아파트.백석중학교 버스정류장(16-174),버스정류장, 일반쓰레기 수거용 ,일반쓰레기통,02-2600-4067
186,서울특별시 강서구,등촌로,등촌2동,등촌2동주민센터.등촌동대림아파트 버스정류장(16-175),버스정류장, 일반쓰레기 수거용 ,일반쓰레기통,02-2600-4067
187,서울특별시 강서구,등촌로,등촌2동,용문사.시립화곡청소년수련관 버스정류장(16-177),버스정류장, 일반쓰레기 수거용 ,일반쓰레기통,02-2600-4067
188,서울특별시 강서구,마곡서1로,가양1동,서울특별시 강서구세무서.공항초교(16-528),버스정류장, 일반쓰레기 수거용 ,일반쓰레기통,02-2600-4067
189,서울특별시 강서구,마곡서1로,가양1동,서울특별시 강서구세무서.공항초교(16-622),버스정류장, 일반쓰레기 수거용 ,일반쓰레기통,02-2600-4067
190,서울특별시 강서구,공항대로,공항동,공항중학교.공항초등학교(중)(16-016),버스정류장, 일반쓰레기 수거용 ,일반쓰레기통,02-2600-4067
191,서울특별시 강서구,공항대로,공항동,공항중학교.공항초등학교(중)(16-020),버스정류장, 일반쓰레기 수거용 ,일반쓰레기통,02-2600-4067
192,서울특별시 강서구,공항대로,공항동,송정역(중)(16-014),버스정류장, 일반쓰레기 수거용 ,일반쓰레기통,02-2600-4067
193,서울특별시 강서구,공항대로,공항동,송정역(중)(16-015),버스정류장, 일반쓰레기 수거용 ,일반쓰레기통,02-2600-4067
194,서울특별시 강서구,초원로,방화1동,마곡엠밸리6.7단지.마곡중학교(16-395),버스정류장, 일반쓰레기 수거용 ,일반쓰레기통,02-2600-4067
195,서울특별시 강서구,등촌로,가양1동,마곡엠벨리4단지(16-705),버스정류장, 일반쓰레기 수거용 ,일반쓰레기통,02-2600-4067
196,서울특별시 강서구,강서로,화곡8동,까치산역2번출구(16-191),버스정류장, 일반쓰레기 수거용 ,일반쓰레기통,02-2600-4067
197,서울특별시 강서구,곰달래로,화곡2동,성석교회(16-181),버스정류장, 일반쓰레기 수거용 ,일반쓰레기통,02-2600-4067
198,서울특별시 강서구,곰달래로,화곡2동,서울신정초등학교(16-183),버스정류장, 일반쓰레기 수거용 ,일반쓰레기통,02-2600-4067
199,서울특별시 강서구,곰달래로,화곡8동,화곡8동주민센터.까치산시장(16-185),버스정류장, 일반쓰레기 수거용 ,일반쓰레기통,02-2600-4067
200,서울특별시 강서구,강서로,화곡1동,KT서울특별시 강서구지사(16-186),버스정류장, 일반쓰레기 수거용 ,일반쓰레기통,02-2600-4067
201,서울특별시 강서구,곰달래로,화곡1동,화곡동유림아파트(16-189),버스정류장, 일반쓰레기 수거용 ,일반쓰레기통,02-2600-4067
202,서울특별시 강서구,강서로,화곡1동,화곡동백구사(16-193),버스정류장, 일반쓰레기 수거용 ,일반쓰레기통,02-2600-4067
203,서울특별시 강서구,가로공원로,화곡1동,화곡동대림아파트(16-195),버스정류장, 일반쓰레기 수거용 ,일반쓰레기통,02-2600-4067
204,서울특별시 강서구,양천로,가양1동,마곡실내배드민턴장(16-273),버스정류장, 일반쓰레기 수거용 ,일반쓰레기통,02-2600-4067
205,서울특별시 강서구,양천로,가양1동,마곡실내배드민턴장(16-274),버스정류장, 일반쓰레기 수거용 ,일반쓰레기통,02-2600-4067
206,서울특별시 강서구,양천로,가양1동,서남물재생센터(16-275),버스정류장, 일반쓰레기 수거용 ,일반쓰레기통,02-2600-4067
207,서울특별시 강서구,양천로,가양1동,서남물재생센터(16-276),버스정류장, 일반쓰레기 수거용 ,일반쓰레기통,02-2600-4067
208,서울특별시 강서구,공항대로,발산1동,마곡역7번출구,버스정류장, 일반쓰레기 수거용 ,일반쓰레기통,02-2600-4067
209,서울특별시 강서구,공항대로,발산1동,마곡역(중)(16-019),지하철입구, 일반쓰레기 수거용 ,일반쓰레기통,02-2600-4067
210,서울특별시 강서구,공항대로,발산1동,발산역(중)(16-017),버스정류장, 일반쓰레기 수거용 ,일반쓰레기통,02-2600-4067
211,서울특별시 강서구,방화대로,가양1동,롯데R&D센터(16-608),버스정류장, 일반쓰레기 수거용 ,일반쓰레기통,02-2600-4067
212,서울특별시 강서구,방화대로,가양1동,마곡역(16-397),버스정류장, 일반쓰레기 수거용 ,일반쓰레기통,02-2600-4067
213,서울특별시 강서구,양천로,등촌1동,서울특별시 강서구소방서.이마트.증미역(16256),버스정류장, 일반쓰레기 수거용 ,일반쓰레기통,02-2600-4067
214,서울특별시 강서구,월정로,화곡1동,월정로 134 황외과 앞 버스정류장,버스정류장, 일반쓰레기 수거용 ,일반쓰레기통,02-2600-4067
215,서울특별시 강서구,가로공원로,화곡1동,가로공원로 192 사거리 횡단보도 ,횡단보도, 일반쓰레기 수거용 ,일반쓰레기통,02-2600-4067
216,서울특별시 강서구,가로공원로,화곡1동,가로공원로 237 화곡터널입구교차로 횡단보도,횡단보도, 일반쓰레기 수거용 ,일반쓰레기통,02-2600-4067
217,서울특별시 강서구,가로공원로,화곡1동,가로공원로 215 가로공원공영주차장 횡단보도,횡단보도, 일반쓰레기 수거용 ,일반쓰레기통,02-2600-4067
218,서울특별시 강서구,허준로,가양1동,허준로 50 동양고등학교 버스정류장,버스정류장, 일반쓰레기 수거용 ,일반쓰레기통,02-2600-4067
219,서울특별시 강서구,허준로,가양1동,허준로 47 가양2단지성지아파트 버스정류장,버스정류장, 일반쓰레기 수거용 ,일반쓰레기통,02-2600-4067
220,서울특별시 강서구,허준로,가양1동,허준로 76 한보구암마을아파트 버스정류장,버스정류장, 일반쓰레기 수거용 ,일반쓰레기통,02-2600-4067
221,서울특별시 강서구,허준로,가양2동,허준로 139 강변아파트 버스정류장,버스정류장, 일반쓰레기 수거용 ,일반쓰레기통,02-2600-4067
222,서울특별시 강서구,허준로,가양3동,허준로 175 도시개발6단지아파트 버스정류장,버스정류장, 일반쓰레기 수거용 ,일반쓰레기통,02-2600-4067
223,서울특별시 강서구,허준로,가양3동,허준로 234 도시개발9단지아파트 버스정류장,버스정류장, 일반쓰레기 수거용 ,일반쓰레기통,02-2600-4067
224,서울특별시 강서구,양천로,염창동,양천로 628 태영송화아파트 버스정류장,버스정류장, 일반쓰레기 수거용 ,일반쓰레기통,02-2600-4067
225,서울특별시 강서구,마곡중앙5로,가양1동,마곡중앙5로 6 마곡나루역 버스정류장,버스정류장, 일반쓰레기 수거용 ,일반쓰레기통,02-2600-4067
226,서울특별시 강서구,마곡중앙5로,가양1동,마곡중앙5로 6 마곡나루역 2번출구 ,지하철입구, 일반쓰레기 수거용 ,일반쓰레기통,02-2600-4067
227,서울특별시 강서구,공항대로,가양1동,공항대로 마곡역 1번출구 ,지하철입구, 일반쓰레기 수거용 ,일반쓰레기통,02-2600-4067
228,서울특별시 강서구,마곡중앙로,공항동,마곡중앙로 33 마곡엠밸리14단지 버스정류장,버스정류장, 일반쓰레기 수거용 ,일반쓰레기통,02-2600-4067
229,서울특별시 강서구,마곡동로,가양1동,"마곡동로 마곡일반산업단지 D30-1,2",다중집합장소, 일반쓰레기 수거용 ,일반쓰레기통,02-2600-4067
230,서울특별시 강서구,마곡동로,가양1동,마곡동로 55 사거리 ,횡단보도, 일반쓰레기 수거용 ,일반쓰레기통,02-2600-4067
231,서울특별시 강서구,마곡동로,가양1동,마곡동로 62 마곡사이언스타워 앞,다중집합장소, 일반쓰레기 수거용 ,일반쓰레기통,02-2600-4067
232,서울특별시 강서구,마곡중앙10로,가양1동,마곡중앙10로 70 LG사이언스파크 E-14동,다중집합장소, 일반쓰레기 수거용 ,일반쓰레기통,02-2600-4067
233,서울특별시 강서구,마곡중앙10로,가양1동,마곡중앙10로 30 LG사이언스파크 ISC통합지원센터,다중집합장소, 일반쓰레기 수거용 ,일반쓰레기통,02-2600-4067
234,서울특별시 강서구,마곡중앙10로,가양1동,마곡중앙10로 30 LG사이언스파크 ISC통합지원센터 후면,다중집합장소, 일반쓰레기 수거용 ,일반쓰레기통,02-2600-4067
235,서울특별시 강서구,양천로,방화1동,양천로 108 하나은행 앞,다중집합장소, 일반쓰레기 수거용 ,일반쓰레기통,02-2600-4067
236,서울특별시 강서구,방화대로,발산1동,방화대로 외발산사거리 횡단보도,횡단보도, 일반쓰레기 수거용 ,일반쓰레기통,02-2600-4067
237,서울특별시 강서구,금낭화로,방화3동,금낭화로 135 방화역 3번출구 택시정류장,지하철입구, 일반쓰레기 수거용 ,일반쓰레기통,02-2600-4067
238,서울특별시 강서구,양천로,방화1동,양천로 87 동부센트레빌아파트 버스정류장,버스정류장, 일반쓰레기 수거용 ,일반쓰레기통,02-2600-4067
239,서울특별시 강서구,송정로,공항동,송정로3길 3 공항동주민센터 버스정류장,버스정류장, 일반쓰레기 수거용 ,일반쓰레기통,02-2600-4067
240,서울특별시 강서구,남부순환로,공항동,공항동천주교회 버스정류장,버스정류장, 일반쓰레기 수거용 ,일반쓰레기통,02-2600-4067
241,서울특별시 강서구,양천로,방화1동,양천로 112 신방화사거리 버스정류장,버스정류장, 일반쓰레기 수거용 ,일반쓰레기통,02-2600-4067
242,서울특별시 강서구,개화동로,방화2동,개화동로21길 4 방화동도시개발11단지 버스정류장,버스정류장, 일반쓰레기 수거용 ,일반쓰레기통,02-2600-4067
243,서울특별시 강서구,양천로,방화3동,양천로27길 생태공원 버스정류장,버스정류장, 일반쓰레기 수거용 ,일반쓰레기통,02-2600-4067
244,서울특별시 강서구,양천로,방화3동,양천로27길 서광아파트 버스정류장,버스정류장, 일반쓰레기 수거용 ,일반쓰레기통,02-2600-4067
245,서울특별시 강서구,양천로,방화3동,양천로 서남환경공원 버스정류장,버스정류장, 일반쓰레기 수거용 ,일반쓰레기통,02-2600-4067
246,서울특별시 강서구,양천로,방화3동,양천로 서남물재생센터 버스정류장,버스정류장, 일반쓰레기 수거용 ,일반쓰레기통,02-2600-4067
247,서울특별시 강서구,양천로,방화3동,양천로 서남환경공원 버스정류장,버스정류장, 일반쓰레기 수거용 ,일반쓰레기통,02-2600-4067
248,서울특별시 강서구,양천로,방화3동,양천로 마곡배드민턴장 버스정류장,버스정류장, 일반쓰레기 수거용 ,일반쓰레기통,02-2600-4067
249,서울특별시 강서구,마곡중앙6로,가양1동,힐스테이트에코오피스텔 앞,다중집합장소, 일반쓰레기 수거용 ,일반쓰레기통,02-2600-4067
250,서울특별시 강서구,등촌로,등촌2동,등촌로 213 칼텍스주유소 앞,도로변, 일반쓰레기 수거용 ,일반쓰레기통,02-2600-4067
251,서울특별시 강서구,등촌로,등촌2동,등촌2동주민센터 버스정류장(16-175),버스정류장, 일반쓰레기 수거용 ,일반쓰레기통,02-2600-4067
252,서울특별시 강서구,등촌로,등촌2동,대일고교 버스정류장(16-176),버스정류장, 일반쓰레기 수거용 ,일반쓰레기통,02-2600-4067
253,서울특별시 강서구,등촌로,화곡4동,등촌로 41 서울특별시 강서구농협 앞,대로변, 일반쓰레기 수거용 ,일반쓰레기통,02-2600-4067
254,서울특별시 강서구,강서로,화곡본동,서울특별시 강서구로 134 건널목,횡단보도, 일반쓰레기 수거용 ,일반쓰레기통,02-2600-4067
255,서울특별시 강서구,월정로,화곡1동,월정로 176 월정초등학교 앞,다중집합장소, 일반쓰레기 수거용 ,일반쓰레기통,02-2600-4067
256,서울특별시 강서구,양천로,가양1동,CJ주식회사 버스정류장(16-268),버스정류장, 일반쓰레기 수거용 ,일반쓰레기통,02-2600-4067
257,서울특별시 강서구,공항대로,등촌3동,서울디지털대학교 버스정류장(16-008),버스정류장, 일반쓰레기 수거용 ,일반쓰레기통,02-2600-4067
258,서울특별시 강서구,양천로,염창동,관음삼성아파트 버스정류장(16-250),버스정류장, 일반쓰레기 수거용 ,일반쓰레기통,02-2600-4067
259,서울특별시 강서구,양천로,염창동,염창동새마을금고 버스정류장(16-248),버스정류장, 일반쓰레기 수거용 ,일반쓰레기통,02-2600-4067
260,서울특별시 강서구,양천로,가양2동,가양역 우성아파트 버스정류장(16-260),버스정류장, 일반쓰레기 수거용 ,일반쓰레기통,02-2600-4067
261,서울특별시 강서구,양천로,가양2동,SBS공개홀 버스정류장(16-261),버스정류장, 일반쓰레기 수거용 ,일반쓰레기통,02-2600-4067
262,서울특별시 강서구,수명로,발산1동,마곡수명산파크3단지 버스정류장(16-879),버스정류장, 일반쓰레기 수거용 ,일반쓰레기통,02-2600-4067
263,서울특별시 강서구,공항대로,화곡6동,KBS스포츠월드 버스정류장(16-009),버스정류장, 일반쓰레기 수거용 ,일반쓰레기통,02-2600-4067
264,서울특별시 강서구,남부순환로,발산1동,서울특별시 강서구면허시험장 버스정류장(16-849),버스정류장, 일반쓰레기 수거용 ,일반쓰레기통,02-2600-4067
265,서울특별시 강서구,남부순환로,발산1동,외발산신광명마을 버스정류장(16-151),버스정류장, 일반쓰레기 수거용 ,일반쓰레기통,02-2600-4067
266,서울특별시 강서구,수명로,발산1동,수명산파크7단지 버스정류장(16-416),버스정류장, 일반쓰레기 수거용 ,일반쓰레기통,02-2600-4067
267,서울특별시 강서구,마곡중앙로,발산1동,이대서울병원 버스정류장(16-388),버스정류장, 일반쓰레기 수거용 ,일반쓰레기통,02-2600-4067
268,서울특별시 강서구,마곡서로,가양1동,마곡수명산파트4단지 횡단보도,횡단보도, 일반쓰레기 수거용 ,일반쓰레기통,02-2600-4067
269,서울특별시 강서구,공항대로,공항동,공항삼거리 횡단보도,횡단보도, 일반쓰레기 수거용 ,일반쓰레기통,02-2600-4067
270,서울특별시 강서구,방화대로,공항동,공항중학교 버스정류장(16-308),버스정류장, 일반쓰레기 수거용 ,일반쓰레기통,02-2600-4067
271,서울특별시 강서구,개화동로,방화2동,개화2치안센터 버스정류장(16-168),버스정류장, 일반쓰레기 수거용 ,일반쓰레기통,02-2600-4067
272,서울특별시 강서구,방화대로,방화3동,서울특별시 강서구공고 버스정류장(16-303),버스정류장, 일반쓰레기 수거용 ,일반쓰레기통,02-2600-4067
273,서울특별시 강서구,공항대로,공항동,공항중학교 버스정류장(16-115),버스정류장, 일반쓰레기 수거용 ,일반쓰레기통,02-2600-4067
274,서울특별시 강서구,공항대로,화곡6동,KBS스포츠월드 버스정류장(16-010),버스정류장, 일반쓰레기 수거용 ,일반쓰레기통,02-2600-4067
275,서울특별시 강서구,강서로,우장산동,웰튼병원 버스정류장(16-215),버스정류장, 일반쓰레기 수거용 ,일반쓰레기통,02-2600-4067
276,서울특별시 강서구,등촌로,화곡4동,목동사거리 버스정류장(16-178),버스정류장, 일반쓰레기 수거용 ,일반쓰레기통,02-2600-4067
277,서울특별시 강서구,등촌로,등촌2동,용문사 버스정류장(16-177),버스정류장, 일반쓰레기 수거용 ,일반쓰레기통,02-2600-4067
278,서울특별시 강서구,강서로,등촌3동,베뉴지웨딩홀 버스정류장(16-969),버스정류장, 일반쓰레기 수거용 ,일반쓰레기통,02-2600-4067
279,서울특별시 강서구,강서로,가양1동,발산역3번출구 버스정류장(16-220),버스정류장, 일반쓰레기 수거용 ,일반쓰레기통,02-2600-4067
280,서울특별시 강서구,양천로,등촌3동,SBS공개홀 버스정류장(16-262),버스정류장, 일반쓰레기 수거용 ,일반쓰레기통,02-2600-4067
281,서울특별시 강서구,양천로,등촌1동,가양역 현대프린스텔 버스정류장(16-257),버스정류장, 일반쓰레기 수거용 ,일반쓰레기통,02-2600-4067
282,서울특별시 강서구,양천로,가양2동,가양역 우성아파트 버스정류장(16-259),버스정류장, 일반쓰레기 수거용 ,일반쓰레기통,02-2600-4067
283,서울특별시 강서구,양천로,염창동,염창동새마을금고 버스정류장(16-247),버스정류장, 일반쓰레기 수거용 ,일반쓰레기통,02-2600-4067
284,서울특별시 강서구,허준로,가양3동,가양초등학교 버스정류장(16-240),버스정류장, 일반쓰레기 수거용 ,일반쓰레기통,02-2600-4067
285,서울특별시 강서구,허준로,가양3동,세현고등학교 버스정류장(16-244),버스정류장, 일반쓰레기 수거용 ,일반쓰레기통,02-2600-4067
286,서울특별시 강서구,공항대로,우장산동,발산역5번출구 버스정류장(16-112),버스정류장, 일반쓰레기 수거용 ,일반쓰레기통,02-2600-4067
287,서울특별시 강서구,발산로,발산1동,서울특별시 강서구농수산물도매시장 버스정류장(16-975),버스정류장, 일반쓰레기 수거용 ,일반쓰레기통,02-2600-4067
